Name,AF (mT),x (emu),y (emu),z (emu)
651,0,-1.61E-06,7.94E-07,9.87E-06
651,2.5,-1.47E-06,8.00E-07,8.64E-06
651,5,-1.36E-06,8.89E-07,7.42E-06
651,7.5,-1.44E-06,4.93E-07,6.70E-06
651,10,-1.46E-06,7.31E-07,5.64E-06
651,12.5,-1.07E-06,9.52E-07,5.06E-06
651,15,-9.24E-07,6.56E-07,4.72E-06
651,17.5,-1.01E-06,8.34E-07,4.66E-06
651,20,-1.18E-06,7.45E-07,4.05E-06
651,25,-1.22E-06,6.56E-07,3.44E-06
651,30,-1.26E-06,5.96E-07,2.82E-06
651,35,-1.29E-06,5.36E-07,2.64E-06
651,40,-1.22E-06,4.75E-07,2.46E-06
651,45,-1.14E-06,6.34E-07,2.27E-06
651,50,-1.06E-06,7.93E-07,1.68E-06
651,60,-5.22E-07,7.27E-07,5.03E-07
651,70,-3.69E-07,2.76E-07,5.30E-07
651,80,-4.86E-07,4.90E-07,5.44E-07
651,90,-6.04E-07,7.03E-07,4.86E-07
651,100,-6.80E-07,9.16E-07,4.28E-07
653,0,7.36E-07,-2.48E-06,9.26E-06
653,2.5,5.45E-07,-1.60E-06,7.86E-06
653,5,3.26E-07,-1.55E-06,6.71E-06
653,7.5,5.80E-07,-1.69E-06,5.92E-06
653,10,5.08E-07,-1.35E-06,5.30E-06
653,12.5,5.13E-07,-1.57E-06,4.78E-06
653,15,2.93E-07,-1.62E-06,4.38E-06
653,17.5,2.00E-07,-1.66E-06,3.98E-06
653,20,1.07E-07,-1.69E-06,3.58E-06
653,25,1.45E-08,-1.71E-06,3.22E-06
653,30,-1.32E-07,-1.74E-06,2.87E-06
653,35,-2.79E-07,-1.88E-06,2.51E-06
653,40,-4.26E-07,-2.03E-06,2.14E-06
653,45,-5.63E-07,-2.18E-06,1.77E-06
653,50,-7.00E-07,-1.77E-06,1.40E-06
653,60,-8.37E-07,-1.36E-06,1.31E-06
653,70,-9.50E-07,-9.43E-07,1.21E-06
653,80,-1.06E-06,-9.90E-07,1.11E-06
653,90,-1.18E-06,-1.04E-06,7.30E-07
653,100,-5.19E-07,-1.08E-06,3.51E-07
654,0,-3.39E-06,-1.17E-06,1.43E-05
654,2.5,-3.34E-06,-2.53E-07,1.23E-05
654,5,-3.22E-06,-6.56E-07,1.05E-05
654,7.5,-2.92E-06,-5.34E-07,9.14E-06
654,10,-2.90E-06,-4.93E-07,7.82E-06
654,12.5,-2.61E-06,-1.99E-07,6.93E-06
654,15,-2.70E-06,-5.43E-07,6.39E-06
654,17.5,-2.71E-06,-1.29E-06,5.78E-06
654,20,-2.70E-06,-1.13E-06,4.91E-06
654,25,-2.44E-06,-9.70E-07,4.03E-06
654,30,-2.17E-06,-9.93E-07,3.16E-06
654,35,-1.90E-06,-1.02E-06,2.79E-06
654,40,-1.93E-06,-1.04E-06,2.42E-06
654,45,-1.95E-06,-8.47E-07,2.05E-06
654,50,-1.97E-06,-6.59E-07,1.83E-06
654,60,-1.77E-06,-4.74E-07,1.63E-06
654,70,-1.41E-06,-1.14E-07,1.25E-06
654,80,-1.24E-06,2.80E-08,1.08E-06
654,90,-1.06E-06,1.70E-07,9.83E-07
654,100,-3.47E-07,3.13E-07,8.86E-07
657,0,2.09E-06,-2.47E-06,2.28E-05
657,2.5,1.97E-06,-2.13E-06,2.03E-05
657,5,2.10E-06,-2.06E-06,1.76E-05
657,7.5,1.77E-06,-1.36E-06,1.44E-05
657,10,1.20E-06,-2.06E-06,1.18E-05
657,12.5,8.90E-07,-1.98E-06,1.04E-05
657,15,9.20E-07,-1.57E-06,9.02E-06
657,17.5,8.96E-07,-1.62E-06,7.66E-06
657,20,6.47E-07,-1.43E-06,6.99E-06
657,25,1.15E-06,-1.19E-06,5.95E-06
657,30,8.41E-07,-9.39E-07,4.91E-06
657,35,5.34E-07,-7.92E-07,3.86E-06
657,40,2.27E-07,-6.45E-07,3.36E-06
657,45,5.00E-07,-4.98E-07,2.86E-06
657,50,7.74E-07,-3.37E-07,2.36E-06
657,60,1.05E-06,-1.76E-07,2.02E-06
657,70,6.78E-07,-1.48E-08,1.68E-06
657,80,3.10E-07,7.80E-09,1.34E-06
657,90,-5.89E-08,3.04E-08,1.03E-06
657,100,1.15E-06,5.30E-08,7.15E-07
659,0,-2.42E-07,-1.79E-06,1.82E-05
659,2.5,-3.16E-07,-8.49E-07,1.58E-05
659,5,-2.09E-07,-1.10E-06,1.32E-05
659,7.5,2.98E-08,-1.19E-06,1.12E-05
659,10,-7.54E-08,-1.03E-06,9.68E-06
659,12.5,-7.94E-08,-1.33E-06,8.21E-06
659,15,-6.44E-07,-1.33E-06,7.55E-06
659,17.5,-6.46E-07,-1.14E-06,6.92E-06
659,20,-5.11E-07,-6.28E-07,6.47E-06
659,25,-6.61E-07,-7.37E-07,5.56E-06
659,30,-6.81E-07,-8.45E-07,4.65E-06
659,35,-7.02E-07,-8.91E-07,3.73E-06
659,40,-7.22E-07,-9.37E-07,3.25E-06
659,45,-7.19E-07,-9.83E-07,2.77E-06
659,50,-7.16E-07,-7.92E-07,2.29E-06
659,60,-7.12E-07,-6.00E-07,1.86E-06
659,70,-5.80E-07,-4.08E-07,1.43E-06
659,80,-4.48E-07,-3.49E-07,1.01E-06
659,90,-3.15E-07,-2.90E-07,1.04E-06
659,100,-2.86E-07,-2.31E-07,1.07E-06
660,0,-7.69E-07,2.12E-07,1.61E-05
660,2.5,-8.80E-07,3.17E-07,1.31E-05
660,5,-8.57E-07,1.81E-07,1.09E-05
660,7.5,-5.56E-07,2.98E-07,8.96E-06
660,10,-8.27E-07,1.42E-07,7.17E-06
660,12.5,-9.36E-07,3.87E-07,6.18E-06
660,15,-1.04E-06,4.32E-07,5.03E-06
660,17.5,-1.20E-06,-3.01E-08,4.32E-06
660,20,-1.07E-06,-2.86E-07,3.84E-06
660,25,-7.72E-07,-5.34E-09,3.14E-06
660,30,-9.52E-07,2.75E-07,2.44E-06
660,35,-1.13E-06,1.20E-07,1.74E-06
660,40,-1.31E-06,-3.45E-08,1.62E-06
660,45,-1.22E-06,-1.89E-07,1.50E-06
660,50,-1.13E-06,1.91E-07,1.38E-06
660,60,-1.03E-06,5.72E-07,1.19E-06
660,70,-1.26E-06,9.52E-07,1.00E-06
660,80,-1.49E-06,4.55E-07,8.13E-07
660,90,-1.72E-06,-4.22E-08,6.06E-07
660,100,-1.24E-06,-5.39E-07,3.99E-07
662,0,-1.19E-06,1.12E-06,1.98E-05
662,2.5,-1.18E-06,8.40E-07,1.74E-05
662,5,-1.25E-06,1.36E-06,1.49E-05
662,7.5,-1.26E-06,9.46E-07,1.28E-05
662,10,-1.67E-06,5.09E-07,1.10E-05
662,12.5,-1.25E-06,8.32E-07,9.88E-06
662,15,-1.10E-06,2.81E-07,8.58E-06
662,17.5,-9.21E-07,5.56E-07,7.45E-06
662,20,-4.68E-07,4.77E-07,6.71E-06
662,25,-5.94E-07,3.59E-07,5.58E-06
662,30,-2.97E-07,2.42E-07,4.45E-06
662,35,-9.01E-10,2.82E-07,3.32E-06
662,40,2.96E-07,3.22E-07,2.90E-06
662,45,-1.67E-07,4.03E-07,2.06E-06
662,50,-3.98E-07,5.56E-07,1.65E-06
662,60,-6.29E-07,7.09E-07,1.50E-06
662,70,-8.20E-07,8.62E-07,1.35E-06
662,80,-1.01E-06,9.20E-07,1.21E-06
662,90,-1.20E-06,9.79E-07,6.70E-07
662,100,5.53E-08,1.04E-06,1.35E-07
665,0,2.99E-06,3.78E-07,4.84E-05
665,2.5,2.91E-06,-2.32E-07,4.39E-05
665,5,2.83E-06,7.51E-07,3.82E-05
665,7.5,2.95E-06,-6.21E-07,3.37E-05
665,10,2.66E-06,-6.36E-07,2.87E-05
665,12.5,2.32E-06,-1.36E-06,2.62E-05
665,15,2.14E-06,-1.14E-08,2.29E-05
665,17.5,1.67E-06,-9.82E-07,2.10E-05
665,20,2.24E-06,-9.87E-07,1.90E-05
665,25,2.18E-06,-6.80E-07,1.66E-05
665,30,2.05E-06,-3.72E-07,1.42E-05
665,35,1.91E-06,-1.23E-07,1.17E-05
665,40,1.78E-06,1.25E-07,1.06E-05
665,45,1.39E-06,3.74E-07,9.52E-06
665,50,9.96E-07,4.20E-07,8.41E-06
665,60,6.05E-07,4.66E-07,7.49E-06
665,70,1.56E-07,5.12E-07,6.57E-06
665,80,-2.94E-07,3.34E-07,5.65E-06
665,90,-7.43E-07,1.57E-07,4.05E-06
665,100,4.80E-07,-2.11E-08,2.45E-06
666,0,1.25E-07,2.29E-06,3.52E-05
666,2.5,-7.24E-09,1.73E-06,3.15E-05
666,5,-1.12E-07,2.89E-06,2.70E-05
666,7.5,-2.57E-07,1.31E-06,2.35E-05
666,10,-4.28E-07,1.13E-06,1.98E-05
666,12.5,-4.72E-07,9.85E-07,1.76E-05
666,15,-1.35E-06,6.27E-07,1.59E-05
666,17.5,-2.13E-06,1.10E-06,1.42E-05
666,20,-1.56E-06,6.98E-07,1.24E-05
666,25,-1.19E-06,4.41E-07,1.05E-05
666,30,-1.23E-06,1.83E-07,8.50E-06
666,35,-1.27E-06,4.54E-07,6.55E-06
666,40,-1.32E-06,7.25E-07,5.63E-06
666,45,-1.15E-06,9.96E-07,4.71E-06
666,50,-9.90E-07,1.28E-06,3.79E-06
666,60,-8.25E-07,1.56E-06,3.56E-06
666,70,-9.59E-07,1.84E-06,3.32E-06
666,80,-1.10E-06,1.58E-06,3.08E-06
666,90,-1.38E-06,1.05E-06,3.76E-06
666,100,6.60E-07,7.85E-07,4.10E-06
668,0,1.95E-06,-4.56E-06,7.91E-05
668,2.5,1.84E-06,-3.70E-06,7.15E-05
668,5,1.56E-06,-4.61E-06,5.82E-05
668,7.5,1.53E-06,-2.37E-06,4.93E-05
668,10,1.17E-06,-4.43E-06,4.21E-05
668,12.5,7.64E-07,-4.14E-06,3.69E-05
668,15,9.80E-07,-2.62E-06,3.38E-05
668,17.5,4.80E-07,-3.37E-06,3.00E-05
668,20,1.08E-06,-3.15E-06,2.80E-05
668,25,8.87E-07,-2.38E-06,2.40E-05
668,30,8.05E-07,-1.62E-06,2.00E-05
668,35,7.23E-07,-1.27E-06,1.61E-05
668,40,6.41E-07,-9.12E-07,1.45E-05
668,45,2.63E-07,-5.59E-07,1.30E-05
668,50,-1.15E-07,-5.98E-07,1.15E-05
668,60,-4.93E-07,-6.38E-07,9.56E-06
668,70,-5.17E-07,-6.78E-07,7.63E-06
668,80,-5.42E-07,-6.19E-07,5.70E-06
668,90,-5.66E-07,-5.61E-07,4.08E-06
668,100,2.81E-06,-5.02E-07,2.45E-06
669,0,2.53E-06,-6.95E-07,6.56E-05
669,2.5,2.07E-06,-1.86E-06,5.75E-05
669,5,1.76E-06,-5.99E-07,4.58E-05
669,7.5,1.10E-06,-3.01E-06,3.82E-05
669,10,7.73E-07,-2.76E-06,3.26E-05
669,12.5,7.27E-07,-3.27E-06,2.90E-05
669,15,7.99E-07,-1.90E-06,2.66E-05
669,17.5,2.08E-07,-2.89E-06,2.48E-05
669,20,5.71E-07,-2.40E-06,2.34E-05
669,25,1.17E-07,-2.11E-06,2.06E-05
669,30,-1.90E-07,-1.83E-06,1.77E-05
669,35,-4.96E-07,-1.05E-06,1.49E-05
669,40,-8.03E-07,-2.69E-07,1.37E-05
669,45,-1.16E-06,5.10E-07,1.25E-05
669,50,-1.51E-06,3.38E-07,1.14E-05
669,60,-1.87E-06,1.66E-07,9.79E-06
669,70,-1.90E-06,-6.93E-09,8.22E-06
669,80,-1.94E-06,-3.09E-08,6.64E-06
669,90,-2.02E-06,-9.56E-08,4.61E-06
669,100,2.23E-06,-1.36E-07,3.60E-06
671,0,8.37E-06,-1.81E-06,3.57E-05
671,2.5,6.56E-06,-1.80E-06,2.98E-05
671,5,5.83E-06,-1.56E-06,2.18E-05
671,7.5,5.31E-06,-1.16E-06,1.74E-05
671,10,4.92E-06,-1.46E-06,1.43E-05
671,12.5,4.62E-06,-8.99E-07,1.29E-05
671,15,4.54E-06,-1.16E-06,1.12E-05
671,17.5,3.50E-06,-1.16E-06,1.04E-05
671,20,3.54E-06,-6.32E-07,9.73E-06
671,25,3.16E-06,-6.38E-07,8.41E-06
671,30,2.67E-06,-6.44E-07,7.09E-06
671,35,2.17E-06,-4.19E-07,5.77E-06
671,40,1.68E-06,-1.93E-07,5.16E-06
671,45,1.25E-06,3.23E-08,4.56E-06
671,50,8.12E-07,-3.39E-07,3.95E-06
671,60,3.79E-07,-7.11E-07,3.45E-06
671,70,8.72E-08,-1.08E-06,2.95E-06
671,80,-2.04E-07,-6.29E-07,2.45E-06
671,90,-4.96E-07,-1.76E-07,1.61E-06
671,100,-1.35E-07,2.77E-07,7.80E-07
672,0,1.19E-05,1.59E-06,5.02E-05
672,2.5,7.76E-06,-3.60E-07,4.31E-05
672,5,5.61E-06,1.23E-06,3.14E-05
672,7.5,4.96E-06,3.44E-07,2.48E-05
672,10,3.95E-06,-3.27E-07,2.04E-05
672,12.5,4.06E-06,-1.15E-07,1.84E-05
672,15,3.39E-06,-4.09E-07,1.60E-05
672,17.5,2.52E-06,-2.36E-07,1.43E-05
672,20,3.08E-06,3.34E-07,1.20E-05
672,25,2.54E-06,2.61E-07,1.00E-05
672,30,1.99E-06,1.87E-07,7.98E-06
672,35,1.43E-06,7.48E-07,5.95E-06
672,40,8.78E-07,1.31E-06,5.20E-06
672,45,5.59E-07,1.87E-06,4.46E-06
672,50,2.40E-07,1.83E-06,3.71E-06
672,60,-7.99E-08,1.79E-06,2.72E-06
672,70,-5.76E-07,1.75E-06,1.72E-06
672,80,-1.07E-06,1.38E-06,7.30E-07
672,90,-1.57E-06,1.01E-06,2.09E-07
672,100,2.68E-07,6.45E-07,-3.11E-07
674,0,1.26E-05,2.20E-06,6.68E-05
674,2.5,8.57E-06,5.31E-07,6.12E-05
674,5,6.60E-06,-1.04E-06,5.12E-05
674,7.5,5.48E-06,-9.80E-07,4.52E-05
674,10,4.31E-06,-1.07E-06,3.98E-05
674,12.5,4.06E-06,-1.55E-06,3.63E-05
674,15,4.22E-06,2.85E-07,3.42E-05
674,17.5,3.33E-06,-1.03E-06,3.14E-05
674,20,3.70E-06,-4.79E-07,2.97E-05
674,25,2.57E-06,-4.20E-07,2.64E-05
674,30,1.99E-06,-3.61E-07,2.30E-05
674,35,1.40E-06,1.24E-07,1.96E-05
674,40,8.12E-07,6.09E-07,1.81E-05
674,45,4.73E-07,1.09E-06,1.66E-05
674,50,1.33E-07,9.12E-07,1.51E-05
674,60,-2.06E-07,7.30E-07,1.26E-05
674,70,-4.46E-07,5.48E-07,1.00E-05
674,80,-6.85E-07,4.74E-07,7.44E-06
674,90,-9.24E-07,4.01E-07,5.79E-06
674,100,-3.14E-07,3.27E-07,4.15E-06
675,0,7.99E-06,-6.23E-06,6.59E-05
675,2.5,4.71E-06,-6.29E-06,6.11E-05
675,5,3.40E-06,-7.01E-06,5.38E-05
675,7.5,2.82E-06,-4.09E-06,4.90E-05
675,10,2.41E-06,-6.01E-06,4.44E-05
675,12.5,2.13E-06,-4.91E-06,4.11E-05
675,15,2.20E-06,-5.19E-06,3.86E-05
675,17.5,8.59E-07,-5.17E-06,3.58E-05
675,20,1.94E-06,-4.30E-06,3.43E-05
675,25,8.33E-07,-3.68E-06,3.09E-05
675,30,8.36E-08,-3.07E-06,2.74E-05
675,35,-6.66E-07,-2.94E-06,2.40E-05
675,40,-1.42E-06,-2.82E-06,2.22E-05
675,45,-1.71E-06,-2.69E-06,2.05E-05
675,50,-2.01E-06,-2.45E-06,1.87E-05
675,60,-2.31E-06,-2.21E-06,1.62E-05
675,70,-2.18E-06,-1.97E-06,1.37E-05
675,80,-2.05E-06,-1.62E-06,1.11E-05
675,90,-1.92E-06,-1.28E-06,8.78E-06
675,100,-1.25E-06,-9.43E-07,6.42E-06
677,0,-3.23E-07,7.33E-07,5.75E-05
677,2.5,-6.09E-07,8.03E-07,5.05E-05
677,5,-3.90E-07,-7.95E-07,4.19E-05
677,7.5,5.65E-08,-7.45E-07,3.54E-05
677,10,1.96E-07,6.58E-07,2.96E-05
677,12.5,-2.06E-07,-1.04E-06,2.58E-05
677,15,-9.10E-08,-3.39E-07,2.26E-05
677,17.5,-7.03E-07,5.14E-07,2.00E-05
677,20,-1.11E-07,7.79E-07,1.88E-05
677,25,-5.36E-07,3.82E-07,1.57E-05
677,30,-5.61E-07,-1.52E-08,1.25E-05
677,35,-5.85E-07,4.43E-07,9.42E-06
677,40,-6.10E-07,9.02E-07,8.56E-06
677,45,-1.01E-06,1.36E-06,7.70E-06
677,50,-1.41E-06,1.35E-06,6.85E-06
677,60,-1.82E-06,1.35E-06,5.39E-06
677,70,-1.29E-06,1.34E-06,3.94E-06
677,80,-7.71E-07,1.70E-06,2.49E-06
677,90,-2.49E-07,2.05E-06,2.01E-06
677,100,6.12E-07,2.40E-06,1.53E-06
678,0,2.78E-07,-2.73E-06,4.07E-05
678,2.5,-5.69E-07,-2.18E-06,3.65E-05
678,5,3.49E-08,-2.70E-06,3.16E-05
678,7.5,-5.77E-07,-1.55E-06,2.65E-05
678,10,-1.13E-06,-2.14E-06,2.26E-05
678,12.5,1.75E-07,-2.11E-06,2.13E-05
678,15,8.43E-07,-1.22E-06,1.87E-05
678,17.5,-9.48E-07,-2.00E-06,1.53E-05
678,20,8.66E-07,-1.76E-06,1.51E-05
678,25,-1.73E-07,-1.92E-06,1.29E-05
678,30,1.10E-07,-2.07E-06,1.07E-05
678,35,3.94E-07,-2.09E-06,8.48E-06
678,40,6.78E-07,-2.10E-06,8.12E-06
678,45,1.85E-07,-2.11E-06,7.75E-06
678,50,-3.07E-07,-1.37E-06,7.39E-06
678,60,-8.00E-07,-6.22E-07,6.28E-06
678,70,-5.68E-07,1.24E-07,5.17E-06
678,80,-3.35E-07,3.62E-07,4.07E-06
678,90,-1.02E-07,6.00E-07,2.24E-06
678,100,-2.91E-07,8.38E-07,4.07E-07
680,0,-2.33E-06,-1.25E-06,2.19E-05
680,2.5,-3.37E-06,-2.14E-07,2.01E-05
680,5,-3.00E-06,-6.66E-07,1.76E-05
680,7.5,-2.94E-06,-1.24E-06,1.56E-05
680,10,-3.43E-06,-2.87E-07,1.30E-05
680,12.5,-3.38E-06,-8.89E-07,1.21E-05
680,15,-2.90E-06,-3.66E-07,1.14E-05
680,17.5,-3.18E-06,-6.04E-07,1.04E-05
680,20,-3.01E-06,-2.18E-07,9.93E-06
680,25,-3.14E-06,-4.14E-07,9.01E-06
680,30,-3.05E-06,-6.10E-07,8.10E-06
680,35,-2.95E-06,-5.72E-07,7.18E-06
680,40,-2.85E-06,-5.34E-07,6.34E-06
680,45,-2.70E-06,-4.96E-07,5.50E-06
680,50,-2.54E-06,-3.03E-07,4.66E-06
680,60,-2.39E-06,-1.10E-07,3.99E-06
680,70,-1.79E-06,8.30E-08,3.32E-06
680,80,-1.19E-06,1.95E-07,2.65E-06
680,90,-5.85E-07,3.07E-07,2.35E-06
680,100,1.33E-07,4.19E-07,2.05E-06
681,0,1.93E-06,-1.87E-06,3.07E-05
681,2.5,1.84E-06,-1.85E-07,2.65E-05
681,5,2.19E-06,-1.41E-06,2.26E-05
681,7.5,1.75E-06,-1.39E-06,1.90E-05
681,10,1.66E-06,-1.28E-06,1.62E-05
681,12.5,1.83E-06,-6.68E-07,1.46E-05
681,15,1.74E-06,-1.45E-06,1.33E-05
681,17.5,1.39E-06,-1.32E-06,1.16E-05
681,20,2.10E-06,-9.88E-07,1.06E-05
681,25,1.02E-06,-1.16E-06,9.71E-06
681,30,8.29E-07,-1.32E-06,8.77E-06
681,35,6.37E-07,-8.52E-07,7.83E-06
681,40,4.46E-07,-3.81E-07,6.69E-06
681,45,2.79E-07,9.06E-08,5.55E-06
681,50,1.13E-07,1.33E-07,4.41E-06
681,60,-5.41E-08,1.76E-07,3.54E-06
681,70,-7.65E-08,2.19E-07,2.67E-06
681,80,-9.89E-08,1.55E-07,1.80E-06
681,90,-1.21E-07,9.17E-08,1.36E-06
681,100,1.64E-06,2.82E-08,9.09E-07
683,0,-9.63E-07,-2.89E-06,3.80E-05
683,2.5,-1.26E-06,-3.53E-06,3.26E-05
683,5,-1.24E-06,-2.03E-06,2.76E-05
683,7.5,-1.10E-06,-2.95E-06,2.29E-05
683,10,-1.66E-06,-3.22E-06,1.92E-05
683,12.5,-1.81E-06,-1.87E-06,1.71E-05
683,15,-2.33E-06,-2.18E-06,1.52E-05
683,17.5,-2.28E-06,-1.71E-06,1.40E-05
683,20,-1.86E-06,-1.46E-06,1.28E-05
683,25,-1.68E-06,-1.24E-06,1.11E-05
683,30,-1.69E-06,-1.02E-06,9.39E-06
683,35,-1.71E-06,-1.02E-06,7.69E-06
683,40,-1.72E-06,-1.03E-06,6.72E-06
683,45,-1.40E-06,-1.03E-06,5.75E-06
683,50,-1.07E-06,-9.09E-07,4.77E-06
683,60,-7.43E-07,-7.92E-07,4.18E-06
683,70,-9.24E-07,-6.74E-07,3.58E-06
683,80,-1.11E-06,-7.46E-09,2.98E-06
683,90,-1.29E-06,6.59E-07,1.88E-06
683,100,1.12E-06,1.33E-06,7.68E-07
684,0,-7.48E-06,-7.28E-06,8.59E-05
684,2.5,-6.07E-06,-6.47E-06,7.37E-05
684,5,-4.62E-06,-4.03E-06,6.24E-05
684,7.5,-4.77E-06,-3.68E-06,5.43E-05
684,10,-4.57E-06,-2.94E-06,4.87E-05
684,12.5,-3.53E-06,-5.42E-06,4.40E-05
684,15,-3.40E-06,-5.59E-06,3.94E-05
684,17.5,-4.13E-06,-2.78E-06,3.70E-05
684,20,-2.58E-06,-5.89E-06,3.42E-05
684,25,-2.59E-06,-4.88E-06,3.02E-05
684,30,-2.59E-06,-4.60E-06,2.63E-05
684,35,-2.59E-06,-4.33E-06,2.33E-05
684,40,-3.03E-06,-4.06E-06,2.03E-05
684,45,-3.46E-06,-3.75E-06,1.72E-05
684,50,-3.89E-06,-3.45E-06,1.44E-05
684,60,-3.52E-06,-3.14E-06,1.15E-05
684,70,-3.14E-06,-2.91E-06,8.70E-06
684,80,-2.77E-06,-2.68E-06,6.79E-06
684,90,-1.65E-06,-2.45E-06,4.87E-06
684,100,-5.43E-07,6.17E-06,2.96E-06
686,0,3.16E-06,2.13E-06,6.45E-05
686,2.5,1.91E-06,2.06E-06,5.62E-05
686,5,2.09E-06,4.35E-07,4.40E-05
686,7.5,1.92E-06,1.82E-06,3.66E-05
686,10,1.80E-06,-2.09E-07,3.09E-05
686,12.5,1.92E-06,2.81E-07,2.77E-05
686,15,1.57E-06,7.56E-07,2.49E-05
686,17.5,3.47E-07,2.69E-07,2.35E-05
686,20,1.86E-06,5.02E-07,2.18E-05
686,25,1.42E-06,1.00E-06,1.93E-05
686,30,9.01E-07,1.50E-06,1.68E-05
686,35,3.80E-07,1.59E-06,1.43E-05
686,40,-1.41E-07,1.69E-06,1.26E-05
686,45,-6.35E-07,1.78E-06,1.10E-05
686,50,-1.13E-06,1.58E-06,9.38E-06
686,60,-1.62E-06,1.38E-06,7.63E-06
686,70,-1.42E-06,1.18E-06,5.87E-06
686,80,-1.22E-06,5.12E-07,4.12E-06
686,90,-1.02E-06,-1.60E-07,3.74E-06
686,100,2.09E-06,-8.32E-07,3.35E-06
687,0,6.73E-06,4.10E-06,6.19E-05
687,2.5,6.69E-06,1.99E-06,5.31E-05
687,5,6.62E-06,1.71E-06,4.37E-05
687,7.5,6.41E-06,2.79E-06,3.81E-05
687,10,5.54E-06,6.90E-07,3.36E-05
687,12.5,5.26E-06,1.23E-06,3.11E-05
687,15,5.82E-06,4.86E-07,2.90E-05
687,17.5,4.49E-06,2.00E-06,2.72E-05
687,20,4.39E-06,1.42E-06,2.47E-05
687,25,3.35E-06,1.26E-06,2.17E-05
687,30,3.18E-06,1.09E-06,1.88E-05
687,35,3.00E-06,1.19E-06,1.59E-05
687,40,2.83E-06,1.28E-06,1.41E-05
687,45,2.06E-06,1.38E-06,1.24E-05
687,50,1.28E-06,1.20E-06,1.07E-05
687,60,5.10E-07,1.03E-06,9.10E-06
687,70,-2.83E-07,8.52E-07,7.47E-06
687,80,-1.08E-06,7.44E-07,5.84E-06
687,90,-1.87E-06,6.36E-07,4.81E-06
687,100,1.97E-06,5.28E-07,3.79E-06
689,0,4.80E-06,-4.25E-06,7.10E-05
689,2.5,4.71E-06,-4.06E-06,5.86E-05
689,5,4.22E-06,-5.44E-06,4.51E-05
689,7.5,4.09E-06,-5.64E-06,3.73E-05
689,10,4.04E-06,-3.73E-06,3.11E-05
689,12.5,4.42E-06,-4.64E-06,2.77E-05
689,15,4.42E-06,-4.03E-06,2.42E-05
689,17.5,3.62E-06,-2.87E-06,2.19E-05
689,20,3.55E-06,-2.05E-06,2.01E-05
689,25,2.76E-06,-1.77E-06,1.75E-05
689,30,2.30E-06,-1.49E-06,1.48E-05
689,35,1.84E-06,-1.38E-06,1.21E-05
689,40,1.37E-06,-1.26E-06,1.04E-05
689,45,7.28E-07,-1.14E-06,8.65E-06
689,50,8.09E-08,-6.86E-07,6.90E-06
689,60,-5.66E-07,-2.30E-07,5.94E-06
689,70,-7.23E-07,2.27E-07,4.97E-06
689,80,-8.80E-07,7.27E-08,4.00E-06
689,90,-1.04E-06,-8.13E-08,2.64E-06
689,100,1.87E-06,-2.35E-07,1.28E-06
690,0,2.76E-07,-3.41E-06,6.64E-05
690,2.5,7.88E-07,1.05E-07,5.37E-05
690,5,1.55E-06,-1.51E-06,4.09E-05
690,7.5,1.81E-06,-1.41E-06,3.39E-05
690,10,1.49E-06,-1.67E-07,2.83E-05
690,12.5,1.72E-06,-1.30E-06,2.53E-05
690,15,1.65E-06,-6.04E-07,2.23E-05
690,17.5,5.06E-07,-1.24E-06,2.04E-05
690,20,1.10E-06,3.64E-07,1.83E-05
690,25,-8.32E-09,1.05E-07,1.60E-05
690,30,-4.92E-07,-1.55E-07,1.37E-05
690,35,-9.76E-07,1.67E-07,1.14E-05
690,40,-1.46E-06,4.89E-07,1.03E-05
690,45,-1.53E-06,8.10E-07,9.23E-06
690,50,-1.60E-06,4.27E-07,8.16E-06
690,60,-1.67E-06,4.45E-08,7.17E-06
690,70,-1.89E-06,-3.39E-07,6.17E-06
690,80,-2.11E-06,-3.48E-07,5.18E-06
690,90,-2.33E-06,-3.57E-07,4.15E-06
690,100,2.43E-06,-3.66E-07,3.12E-06
692,0,-1.77E-06,4.15E-06,3.51E-05
692,2.5,-1.46E-06,4.80E-06,3.03E-05
692,5,-1.03E-06,3.39E-06,2.52E-05
692,7.5,-4.74E-07,3.14E-06,2.09E-05
692,10,-3.62E-07,2.73E-06,1.77E-05
692,12.5,-4.68E-07,3.66E-06,1.54E-05
692,15,-3.07E-07,2.14E-06,1.37E-05
692,17.5,-9.56E-07,2.39E-06,1.21E-05
692,20,-4.61E-07,3.10E-06,1.07E-05
692,25,-1.22E-06,2.38E-06,9.18E-06
692,30,-1.01E-06,1.65E-06,7.65E-06
692,35,-7.98E-07,1.28E-06,6.12E-06
692,40,-5.86E-07,9.06E-07,5.05E-06
692,45,-9.84E-07,5.33E-07,3.97E-06
692,50,-1.38E-06,4.15E-07,2.90E-06
692,60,-1.78E-06,2.96E-07,2.41E-06
692,70,-1.68E-06,1.77E-07,1.92E-06
692,80,-1.57E-06,1.92E-10,1.43E-06
692,90,-1.47E-06,-1.77E-07,3.86E-07
692,100,1.36E-08,-3.54E-07,-6.57E-07
693,0,1.21E-06,-2.90E-07,2.47E-05
693,2.5,1.41E-06,-3.71E-07,2.06E-05
693,5,1.48E-06,3.08E-07,1.70E-05
693,7.5,1.72E-06,-6.31E-07,1.40E-05
693,10,1.28E-06,-2.40E-07,1.16E-05
693,12.5,1.43E-06,1.27E-07,9.98E-06
693,15,1.31E-06,-4.68E-07,8.61E-06
693,17.5,5.62E-07,-4.10E-07,7.37E-06
693,20,5.22E-07,9.41E-08,7.03E-06
693,25,7.09E-07,1.99E-07,5.89E-06
693,30,6.05E-07,3.04E-07,4.74E-06
693,35,5.01E-07,2.47E-07,3.59E-06
693,40,3.96E-07,1.90E-07,3.40E-06
693,45,6.60E-08,1.32E-07,3.20E-06
693,50,-2.64E-07,2.65E-07,3.00E-06
693,60,-5.95E-07,3.97E-07,2.78E-06
693,70,-7.47E-07,5.29E-07,2.56E-06
693,80,-9.00E-07,5.68E-07,2.34E-06
693,90,-1.05E-06,6.08E-07,6.16E-07
693,100,3.23E-07,6.47E-07,-1.11E-06
695,0,2.96E-07,6.26E-07,2.76E-05
695,2.5,3.73E-07,1.38E-06,2.39E-05
695,5,8.85E-07,5.29E-07,1.98E-05
695,7.5,7.35E-07,9.25E-07,1.64E-05
695,10,2.41E-07,1.16E-06,1.34E-05
695,12.5,1.72E-07,9.94E-07,1.16E-05
695,15,2.04E-07,9.04E-07,9.81E-06
695,17.5,4.11E-08,3.70E-07,9.03E-06
695,20,1.98E-07,1.20E-06,7.81E-06
695,25,4.61E-08,9.39E-07,6.40E-06
695,30,-1.67E-07,6.76E-07,4.99E-06
695,35,-3.79E-07,6.85E-07,3.58E-06
695,40,-5.92E-07,6.95E-07,3.28E-06
695,45,-3.84E-07,7.05E-07,2.98E-06
695,50,-1.75E-07,8.37E-07,2.68E-06
695,60,3.35E-08,9.69E-07,2.36E-06
695,70,-4.10E-07,1.10E-06,2.04E-06
695,80,-8.54E-07,1.07E-06,1.72E-06
695,90,-1.30E-06,1.05E-06,1.38E-06
695,100,-6.41E-08,1.02E-06,1.03E-06
696,0,-1.23E-06,-8.05E-07,2.75E-05
696,2.5,-1.03E-06,-6.10E-07,2.36E-05
696,5,-6.90E-07,-6.36E-07,1.97E-05
696,7.5,-5.07E-07,-6.24E-07,1.72E-05
696,10,-4.78E-07,-6.13E-07,1.45E-05
696,12.5,-5.62E-07,-1.42E-07,1.25E-05
696,15,-9.34E-07,-1.04E-06,1.10E-05
696,17.5,-1.32E-06,-4.48E-07,9.91E-06
696,20,-1.29E-06,-7.89E-07,9.03E-06
696,25,-1.31E-06,-8.15E-07,7.58E-06
696,30,-1.37E-06,-8.41E-07,6.14E-06
696,35,-1.43E-06,-7.97E-07,4.69E-06
696,40,-1.49E-06,-7.53E-07,3.87E-06
696,45,-1.50E-06,-7.09E-07,3.04E-06
696,50,-1.52E-06,-8.04E-07,2.21E-06
696,60,-1.53E-06,-8.99E-07,2.16E-06
696,70,-1.39E-06,-9.93E-07,2.11E-06
696,80,-1.25E-06,-5.48E-07,2.06E-06
696,90,-1.10E-06,-1.04E-07,1.62E-06
696,100,2.93E-07,3.41E-07,1.19E-06
698,0,1.10E-06,8.41E-08,2.83E-05
698,2.5,1.04E-06,5.03E-08,2.49E-05
698,5,1.05E-06,1.53E-07,2.06E-05
698,7.5,1.19E-06,1.32E-09,1.74E-05
698,10,1.65E-06,4.03E-07,1.48E-05
698,12.5,1.71E-06,9.95E-08,1.29E-05
698,15,1.64E-06,3.91E-07,1.15E-05
698,17.5,1.30E-06,5.77E-09,1.03E-05
698,20,1.76E-06,-1.14E-07,9.44E-06
698,25,1.58E-06,-1.33E-07,8.14E-06
698,30,9.18E-07,-1.51E-07,6.85E-06
698,35,2.58E-07,-8.84E-09,5.56E-06
698,40,-4.03E-07,1.33E-07,4.86E-06
698,45,-3.48E-07,2.75E-07,4.15E-06
698,50,-2.94E-07,4.21E-07,3.45E-06
698,60,-2.39E-07,5.67E-07,3.07E-06
698,70,-8.84E-08,7.12E-07,2.68E-06
698,80,6.24E-08,7.44E-07,2.30E-06
698,90,2.13E-07,7.75E-07,1.88E-06
698,100,1.28E-06,8.06E-07,1.47E-06
699,0,-6.91E-06,5.14E-06,4.67E-05
699,2.5,-9.06E-07,2.78E-07,3.98E-05
699,5,1.84E-08,-2.70E-07,3.18E-05
699,7.5,8.41E-07,1.19E-07,2.65E-05
699,10,5.56E-07,-6.62E-07,2.17E-05
699,12.5,1.37E-06,-1.50E-07,1.82E-05
699,15,8.83E-07,5.03E-07,1.51E-05
699,17.5,3.97E-07,1.47E-07,1.33E-05
699,20,1.14E-06,7.89E-08,1.21E-05
699,25,3.24E-07,1.12E-07,9.91E-06
699,30,2.25E-08,1.45E-07,7.73E-06
699,35,-2.79E-07,9.25E-08,5.55E-06
699,40,-5.81E-07,3.99E-08,5.31E-06
699,45,-4.51E-07,-1.26E-08,5.08E-06
699,50,-3.22E-07,-3.62E-07,4.84E-06
699,60,-1.92E-07,-7.11E-07,4.10E-06
699,70,-1.16E-07,-1.06E-06,3.36E-06
699,80,-4.06E-08,-6.98E-07,2.61E-06
699,90,3.49E-08,-3.37E-07,1.92E-06
699,100,-4.40E-07,2.50E-08,1.22E-06
701,0,2.62E-06,1.45E-06,4.50E-05
701,2.5,2.91E-06,9.34E-07,3.63E-05
701,5,2.98E-06,9.65E-07,2.85E-05
701,7.5,2.49E-06,-5.61E-07,2.28E-05
701,10,1.76E-06,-4.20E-07,1.82E-05
701,12.5,2.13E-06,-2.14E-07,1.48E-05
701,15,1.26E-06,5.45E-08,1.26E-05
701,17.5,7.64E-07,-1.02E-06,1.16E-05
701,20,9.32E-07,-8.66E-07,9.52E-06
701,25,6.34E-07,-5.26E-07,8.36E-06
701,30,4.84E-07,-1.86E-07,7.19E-06
701,35,3.35E-07,9.41E-08,6.03E-06
701,40,1.86E-07,3.74E-07,5.04E-06
701,45,2.72E-08,6.54E-07,4.05E-06
701,50,-1.31E-07,5.70E-07,3.07E-06
701,60,-2.90E-07,4.85E-07,3.40E-06
701,70,-7.62E-07,4.00E-07,3.73E-06
701,80,-1.24E-06,6.39E-07,4.06E-06
701,90,-1.71E-06,8.78E-07,3.06E-06
701,100,-1.44E-06,1.12E-06,2.06E-06
702,0,-1.15E-05,-7.38E-07,5.91E-05
702,2.5,-9.79E-06,9.71E-07,4.95E-05
702,5,-7.62E-06,7.84E-07,4.04E-05
702,7.5,-6.62E-06,2.29E-06,3.33E-05
702,10,-5.65E-06,2.48E-07,2.66E-05
702,12.5,-4.58E-06,1.00E-06,2.24E-05
702,15,-3.64E-06,5.94E-08,1.95E-05
702,17.5,-4.85E-06,-4.22E-07,1.70E-05
702,20,-2.89E-06,6.06E-07,1.41E-05
702,25,-2.71E-06,1.16E-06,1.12E-05
702,30,-1.71E-06,1.71E-06,8.23E-06
702,35,-7.04E-07,1.87E-06,5.31E-06
702,40,3.00E-07,2.03E-06,4.20E-06
702,45,-4.21E-07,2.19E-06,3.09E-06
702,50,-1.14E-06,1.75E-06,1.98E-06
702,60,-1.86E-06,1.31E-06,1.55E-06
702,70,-2.05E-06,8.71E-07,1.13E-06
702,80,-2.23E-06,1.06E-06,6.96E-07
702,90,-2.42E-06,1.24E-06,1.42E-06
702,100,-1.65E-06,1.42E-06,2.14E-06
704,0,-4.63E-06,7.03E-07,4.63E-05
704,2.5,-4.74E-06,-9.88E-07,4.04E-05
704,5,-4.04E-06,-5.19E-07,3.32E-05
704,7.5,-3.13E-06,3.33E-07,2.75E-05
704,10,-3.02E-06,-4.77E-07,2.27E-05
704,12.5,-2.74E-06,-4.71E-07,1.99E-05
704,15,-1.88E-06,-3.35E-07,1.72E-05
704,17.5,-1.99E-06,2.62E-07,1.53E-05
704,20,-1.48E-06,4.52E-07,1.39E-05
704,25,-6.34E-07,3.02E-07,1.13E-05
704,30,-3.80E-07,1.53E-07,8.63E-06
704,35,-1.26E-07,2.53E-07,6.01E-06
704,40,1.27E-07,3.53E-07,5.24E-06
704,45,1.97E-07,4.54E-07,4.47E-06
704,50,2.67E-07,4.55E-07,3.71E-06
704,60,3.38E-07,4.57E-07,3.42E-06
704,70,2.38E-08,4.58E-07,3.13E-06
704,80,-2.90E-07,3.34E-07,2.84E-06
704,90,-6.04E-07,2.10E-07,2.06E-06
704,100,6.12E-07,8.66E-08,1.27E-06
705,0,-7.05E-06,3.03E-06,4.88E-05
705,2.5,-6.86E-06,3.05E-06,4.14E-05
705,5,-5.83E-06,2.52E-06,3.34E-05
705,7.5,-4.78E-06,1.13E-06,2.72E-05
705,10,-5.30E-06,1.42E-06,2.10E-05
705,12.5,-4.83E-06,1.87E-07,1.85E-05
705,15,-5.38E-06,6.16E-07,1.52E-05
705,17.5,-4.72E-06,4.10E-07,1.28E-05
705,20,-3.63E-06,7.00E-07,1.28E-05
705,25,-4.66E-06,-3.20E-07,9.83E-06
705,30,-4.28E-06,-1.34E-06,6.88E-06
705,35,-3.90E-06,-1.11E-06,3.92E-06
705,40,-3.52E-06,-8.77E-07,3.53E-06
705,45,-3.72E-06,-6.46E-07,3.13E-06
705,50,-3.92E-06,-7.22E-07,2.74E-06
705,60,-4.12E-06,-7.99E-07,2.12E-06
705,70,-3.69E-06,-8.75E-07,1.51E-06
705,80,-3.27E-06,-1.26E-06,8.91E-07
705,90,-2.84E-06,-1.64E-06,-1.70E-07
705,100,1.36E-07,-2.02E-06,-1.23E-06
707,0,1.46E-06,4.94E-06,7.67E-05
707,2.5,1.67E-06,7.37E-06,6.78E-05
707,5,1.32E-06,4.30E-06,5.85E-05
707,7.5,1.22E-06,4.92E-06,5.06E-05
707,10,1.51E-06,5.74E-06,4.38E-05
707,12.5,1.40E-06,3.07E-06,3.87E-05
707,15,1.61E-06,3.27E-06,3.45E-05
707,17.5,9.36E-08,2.57E-06,3.14E-05
707,20,1.47E-06,4.34E-06,2.86E-05
707,25,3.39E-07,3.39E-06,2.49E-05
707,30,3.30E-07,2.44E-06,2.13E-05
707,35,3.21E-07,2.24E-06,1.77E-05
707,40,3.12E-07,2.04E-06,1.60E-05
707,45,5.88E-07,1.85E-06,1.42E-05
707,50,8.65E-07,1.37E-06,1.25E-05
707,60,1.14E-06,8.91E-07,1.02E-05
707,70,8.90E-07,4.14E-07,7.95E-06
707,80,6.39E-07,3.96E-07,5.67E-06
707,90,3.88E-07,3.78E-07,4.45E-06
707,100,2.73E-06,3.61E-07,3.23E-06
708,0,1.82E-06,-2.47E-07,6.16E-05
708,2.5,1.79E-06,2.63E-06,5.44E-05
708,5,1.56E-06,8.52E-07,4.64E-05
708,7.5,1.52E-06,1.09E-06,3.92E-05
708,10,1.04E-06,1.65E-07,3.28E-05
708,12.5,1.08E-06,2.19E-06,2.87E-05
708,15,1.36E-06,9.91E-07,2.49E-05
708,17.5,1.12E-06,1.49E-06,2.14E-05
708,20,1.39E-06,2.57E-06,1.95E-05
708,25,6.22E-07,1.74E-06,1.66E-05
708,30,1.47E-07,9.05E-07,1.37E-05
708,35,-3.28E-07,1.04E-06,1.07E-05
708,40,-8.03E-07,1.18E-06,9.27E-06
708,45,-8.54E-07,1.32E-06,7.80E-06
708,50,-9.06E-07,9.78E-07,6.33E-06
708,60,-9.57E-07,6.39E-07,5.29E-06
708,70,-1.07E-06,3.01E-07,4.25E-06
708,80,-1.18E-06,3.70E-07,3.22E-06
708,90,-1.30E-06,4.39E-07,2.84E-06
708,100,1.76E-07,5.08E-07,2.46E-06
710,0,-3.34E-06,1.39E-06,4.93E-05
710,2.5,-3.17E-06,1.33E-06,4.33E-05
710,5,-2.79E-06,1.34E-06,3.59E-05
710,7.5,-2.38E-06,2.16E-07,2.96E-05
710,10,-2.47E-06,1.29E-06,2.47E-05
710,12.5,-2.05E-06,8.03E-07,2.15E-05
710,15,-2.09E-06,1.68E-07,1.85E-05
710,17.5,-2.47E-06,5.31E-07,1.61E-05
710,20,-1.24E-06,4.70E-07,1.40E-05
710,25,-7.27E-07,-4.61E-08,1.21E-05
710,30,-1.05E-06,-5.62E-07,1.01E-05
710,35,-1.37E-06,-7.48E-07,8.20E-06
710,40,-1.69E-06,-9.34E-07,7.04E-06
710,45,-1.85E-06,-1.12E-06,5.88E-06
710,50,-2.01E-06,-1.22E-06,4.72E-06
710,60,-2.17E-06,-1.31E-06,4.08E-06
710,70,-1.84E-06,-1.41E-06,3.44E-06
710,80,-1.50E-06,-1.22E-06,2.80E-06
710,90,-1.17E-06,-1.03E-06,2.59E-06
710,100,-1.31E-06,-8.48E-07,2.39E-06
711,0,2.08E-06,-7.43E-08,4.90E-05
711,2.5,2.27E-06,2.24E-06,4.22E-05
711,5,2.30E-06,1.75E-07,3.43E-05
711,7.5,2.52E-06,7.35E-07,2.86E-05
711,10,2.24E-06,1.03E-06,2.34E-05
711,12.5,1.92E-06,3.12E-07,2.06E-05
711,15,1.88E-06,-1.37E-07,1.77E-05
711,17.5,1.46E-06,-2.44E-07,1.46E-05
711,20,1.86E-06,-1.57E-07,1.33E-05
711,25,2.48E-06,-5.94E-07,1.14E-05
711,30,1.72E-06,-1.03E-06,9.45E-06
711,35,9.54E-07,-1.03E-06,7.55E-06
711,40,1.93E-07,-1.03E-06,6.60E-06
711,45,-3.34E-07,-1.02E-06,5.66E-06
711,50,-8.61E-07,-9.29E-07,4.71E-06
711,60,-1.39E-06,-8.34E-07,3.94E-06
711,70,-9.00E-07,-7.39E-07,3.17E-06
711,80,-4.12E-07,-5.46E-07,2.39E-06
711,90,7.62E-08,-3.53E-07,2.35E-06
711,100,1.13E-06,-1.60E-07,2.30E-06
713,0,-2.04E-06,1.06E-06,4.44E-05
713,2.5,-2.01E-06,2.73E-06,3.75E-05
713,5,-1.71E-06,1.03E-06,3.04E-05
713,7.5,-1.67E-06,7.96E-07,2.51E-05
713,10,-1.42E-06,6.78E-07,2.04E-05
713,12.5,-1.39E-06,1.37E-06,1.77E-05
713,15,-1.47E-06,1.25E-06,1.52E-05
713,17.5,-1.43E-06,1.97E-07,1.28E-05
713,20,-9.31E-07,7.11E-07,1.18E-05
713,25,-1.25E-06,5.18E-07,9.90E-06
713,30,-1.33E-06,3.26E-07,8.01E-06
713,35,-1.41E-06,4.47E-07,6.12E-06
713,40,-1.48E-06,5.69E-07,5.23E-06
713,45,-1.46E-06,6.91E-07,4.34E-06
713,50,-1.43E-06,4.27E-07,3.45E-06
713,60,-1.41E-06,1.64E-07,2.60E-06
713,70,-1.25E-06,-1.00E-07,1.76E-06
713,80,-1.09E-06,3.73E-07,9.17E-07
713,90,-9.29E-07,8.46E-07,8.36E-07
713,100,-2.89E-07,1.32E-06,7.55E-07
714,0,1.03E-06,3.60E-06,4.70E-05
714,2.5,9.10E-07,1.93E-06,4.13E-05
714,5,9.44E-07,1.93E-06,3.41E-05
714,7.5,6.33E-07,3.24E-06,2.82E-05
714,10,3.25E-07,2.10E-06,2.39E-05
714,12.5,4.21E-07,1.71E-06,2.07E-05
714,15,6.54E-07,1.66E-06,1.75E-05
714,17.5,3.73E-07,1.52E-06,1.56E-05
714,20,9.69E-07,6.82E-07,1.45E-05
714,25,1.44E-09,4.37E-07,1.20E-05
714,30,-1.13E-07,1.93E-07,9.51E-06
714,35,-2.28E-07,7.27E-07,7.03E-06
714,40,-3.43E-07,1.26E-06,6.33E-06
714,45,-4.73E-07,1.79E-06,5.63E-06
714,50,-6.03E-07,1.58E-06,4.93E-06
714,60,-7.32E-07,1.37E-06,3.79E-06
714,70,-1.02E-06,1.16E-06,2.65E-06
714,80,-1.30E-06,9.47E-07,1.50E-06
714,90,-1.58E-06,7.35E-07,1.00E-06
714,100,1.69E-06,5.22E-07,4.97E-07
716,0,-5.78E-06,5.48E-06,9.44E-05
716,2.5,-4.94E-06,1.69E-06,8.19E-05
716,5,-3.46E-06,2.48E-06,6.69E-05
716,7.5,-3.25E-06,1.58E-06,5.52E-05
716,10,-3.91E-06,4.03E-06,4.43E-05
716,12.5,-2.64E-06,1.37E-06,3.76E-05
716,15,-2.31E-06,1.64E-06,3.25E-05
716,17.5,-3.70E-06,2.39E-06,2.81E-05
716,20,-2.02E-06,2.26E-06,2.46E-05
716,25,-1.64E-06,1.60E-06,2.01E-05
716,30,-1.61E-06,9.28E-07,1.56E-05
716,35,-1.58E-06,7.00E-07,1.11E-05
716,40,-1.55E-06,4.72E-07,9.46E-06
716,45,-1.81E-06,2.44E-07,7.77E-06
716,50,-2.08E-06,4.61E-07,6.09E-06
716,60,-2.35E-06,6.77E-07,5.06E-06
716,70,-1.49E-06,8.93E-07,4.03E-06
716,80,-6.41E-07,6.60E-07,3.01E-06
716,90,2.11E-07,4.27E-07,2.61E-06
716,100,1.04E-07,1.94E-07,2.22E-06
717,0,1.16E-06,4.21E-06,7.92E-05
717,2.5,1.21E-06,2.57E-06,6.91E-05
717,5,1.39E-06,2.58E-06,5.70E-05
717,7.5,1.98E-06,1.83E-06,4.73E-05
717,10,1.21E-06,1.04E-06,3.82E-05
717,12.5,1.58E-06,1.77E-06,3.30E-05
717,15,1.48E-06,9.02E-07,2.80E-05
717,17.5,7.93E-07,2.60E-06,2.49E-05
717,20,1.44E-06,2.50E-06,2.15E-05
717,25,1.99E-07,1.96E-06,1.80E-05
717,30,-8.04E-09,1.42E-06,1.46E-05
717,35,-2.15E-07,1.17E-06,1.11E-05
717,40,-4.22E-07,9.20E-07,1.02E-05
717,45,-6.35E-07,6.69E-07,9.31E-06
717,50,-8.48E-07,5.86E-07,8.43E-06
717,60,-1.06E-06,5.02E-07,6.99E-06
717,70,-1.76E-06,4.19E-07,5.55E-06
717,80,-2.45E-06,6.08E-08,4.11E-06
717,90,-3.15E-06,-2.98E-07,3.06E-06
717,100,-1.06E-06,-6.56E-07,2.01E-06
719,0,3.25E-06,6.39E-06,4.94E-05
719,2.5,2.80E-06,4.26E-06,4.06E-05
719,5,2.83E-06,3.39E-06,3.14E-05
719,7.5,2.60E-06,4.07E-06,2.62E-05
719,10,1.83E-06,2.64E-06,2.25E-05
719,12.5,2.17E-06,2.55E-06,2.03E-05
719,15,2.15E-06,2.09E-06,1.84E-05
719,17.5,1.81E-06,2.36E-06,1.70E-05
719,20,2.35E-06,2.05E-06,1.59E-05
719,25,1.99E-06,1.70E-06,1.43E-05
719,30,1.59E-06,1.35E-06,1.26E-05
719,35,1.19E-06,1.28E-06,1.10E-05
719,40,7.94E-07,1.20E-06,9.59E-06
719,45,3.15E-07,1.13E-06,8.19E-06
719,50,-1.65E-07,1.21E-06,6.79E-06
719,60,-6.45E-07,1.30E-06,5.73E-06
719,70,-1.59E-06,1.38E-06,4.67E-06
719,80,-2.54E-06,1.36E-06,3.61E-06
719,90,-3.48E-06,1.34E-06,2.49E-06
719,100,2.00E-06,1.32E-06,1.38E-06
720,0,-5.13E-07,8.25E-06,3.87E-05
720,2.5,-4.95E-07,7.19E-06,3.05E-05
720,5,3.10E-07,6.54E-06,2.17E-05
720,7.5,1.03E-06,6.31E-06,1.63E-05
720,10,1.54E-06,6.24E-06,1.23E-05
720,12.5,2.62E-06,6.40E-06,9.58E-06
720,15,2.61E-06,6.57E-06,8.41E-06
720,17.5,2.88E-06,6.74E-06,7.25E-06
720,20,3.15E-06,5.84E-06,6.08E-06
720,25,3.42E-06,4.93E-06,4.86E-06
720,30,3.14E-06,4.03E-06,3.64E-06
720,35,2.86E-06,3.59E-06,2.42E-06
720,40,2.58E-06,3.15E-06,1.95E-06
720,45,2.47E-06,2.71E-06,1.47E-06
720,50,2.35E-06,2.55E-06,9.92E-07
720,60,2.24E-06,2.39E-06,5.36E-07
720,70,2.01E-06,2.24E-06,8.04E-08
720,80,1.77E-06,1.61E-06,-3.75E-07
720,90,1.54E-06,9.75E-07,-1.64E-06
720,100,3.31E-06,3.44E-07,-2.90E-06
722,0,-4.72E-05,-3.43E-05,0.00011879
722,2.5,-1.47E-05,-1.01E-05,8.64E-05
722,5,1.79E-06,-1.33E-06,5.64E-05
722,7.5,6.06E-06,1.85E-06,4.13E-05
722,10,6.00E-06,8.87E-07,3.17E-05
722,12.5,6.13E-06,1.34E-06,2.55E-05
722,15,6.25E-06,1.41E-06,2.26E-05
722,17.5,5.61E-06,9.57E-07,1.82E-05
722,20,3.93E-06,9.12E-07,1.79E-05
722,25,1.31E-06,7.39E-07,1.40E-05
722,30,1.05E-06,5.66E-07,1.01E-05
722,35,7.97E-07,2.05E-07,6.27E-06
722,40,5.42E-07,-1.57E-07,5.29E-06
722,45,-6.42E-09,-5.18E-07,4.31E-06
722,50,-5.54E-07,-9.42E-07,3.33E-06
722,60,-1.10E-06,-1.37E-06,2.06E-06
722,70,-7.29E-07,-1.79E-06,7.94E-07
722,80,-3.57E-07,-1.94E-06,-4.71E-07
722,90,1.63E-08,-2.09E-06,-2.37E-07
722,100,1.74E-06,-2.24E-06,-2.74E-09
723,0,3.69E-06,-2.56E-07,5.10E-05
723,2.5,4.56E-06,-1.74E-06,3.67E-05
723,5,6.38E-06,-1.48E-06,2.06E-05
723,7.5,7.27E-06,-1.75E-06,1.25E-05
723,10,7.34E-06,-1.42E-06,7.63E-06
723,12.5,7.55E-06,-1.25E-06,4.11E-06
723,15,6.95E-06,-7.28E-07,2.48E-06
723,17.5,6.76E-06,-2.09E-07,8.61E-07
723,20,6.57E-06,-6.10E-08,-7.62E-07
723,25,6.38E-06,8.65E-08,-2.30E-06
723,30,5.86E-06,2.34E-07,-3.83E-06
723,35,5.35E-06,6.33E-07,-5.36E-06
723,40,4.84E-06,1.03E-06,-5.10E-06
723,45,4.51E-06,1.43E-06,-4.85E-06
723,50,4.18E-06,1.35E-06,-4.59E-06
723,60,3.85E-06,1.27E-06,-4.25E-06
723,70,3.30E-06,1.19E-06,-3.91E-06
723,80,2.75E-06,1.23E-06,-3.57E-06
723,90,2.21E-06,1.27E-06,-3.70E-06
723,100,4.21E-06,1.31E-06,-3.82E-06
725,0,-2.30E-06,8.04E-07,2.38E-05
725,2.5,-2.22E-06,9.49E-07,1.67E-05
725,5,-2.05E-06,8.54E-07,9.77E-06
725,7.5,-1.71E-06,6.95E-07,6.28E-06
725,10,-2.00E-06,8.98E-07,4.10E-06
725,12.5,-2.29E-06,6.67E-07,2.72E-06
725,15,-2.17E-06,1.41E-07,1.86E-06
725,17.5,-2.18E-06,9.56E-08,1.58E-06
725,20,-1.90E-06,5.68E-07,1.05E-06
725,25,-2.04E-06,6.80E-07,1.84E-07
725,30,-1.72E-06,7.92E-07,-6.80E-07
725,35,-1.41E-06,9.82E-07,-1.54E-06
725,40,-1.10E-06,1.17E-06,-1.70E-06
725,45,-1.02E-06,1.36E-06,-1.86E-06
725,50,-9.50E-07,1.36E-06,-2.02E-06
725,60,-8.77E-07,1.37E-06,-1.89E-06
725,70,-7.44E-07,1.37E-06,-1.75E-06
725,80,-6.11E-07,8.88E-07,-1.62E-06
725,90,-4.79E-07,4.08E-07,-1.56E-06
725,100,2.40E-06,-7.17E-08,-1.51E-06
726,0,8.66E-07,5.36E-07,1.70E-05
726,2.5,6.67E-07,8.09E-07,1.18E-05
726,5,5.48E-07,5.92E-07,7.66E-06
726,7.5,4.72E-07,6.86E-07,5.32E-06
726,10,4.58E-07,8.99E-07,3.21E-06
726,12.5,8.59E-07,5.45E-07,2.34E-06
726,15,6.70E-07,7.57E-07,1.33E-06
726,17.5,7.86E-07,1.35E-06,5.34E-07
726,20,1.18E-06,6.81E-07,-6.24E-08
726,25,8.29E-07,8.20E-07,-1.09E-06
726,30,6.21E-07,9.59E-07,-2.11E-06
726,35,4.12E-07,1.17E-06,-3.14E-06
726,40,2.04E-07,1.38E-06,-3.16E-06
726,45,3.06E-07,1.59E-06,-3.19E-06
726,50,4.09E-07,1.63E-06,-3.21E-06
726,60,5.11E-07,1.67E-06,-2.77E-06
726,70,4.24E-07,1.72E-06,-2.33E-06
726,80,3.36E-07,1.51E-06,-1.89E-06
726,90,2.49E-07,1.30E-06,-2.60E-06
726,100,1.25E-06,1.09E-06,-3.31E-06
728,0,2.75E-07,2.63E-07,1.28E-05
728,2.5,-3.44E-08,8.44E-07,6.34E-06
728,5,2.12E-07,3.63E-07,5.58E-07
728,7.5,7.50E-07,9.43E-08,-2.53E-06
728,10,5.60E-07,1.43E-07,-4.28E-06
728,12.5,3.91E-07,-1.98E-07,-5.43E-06
728,15,9.61E-09,1.23E-07,-5.75E-06
728,17.5,5.43E-08,4.43E-07,-6.07E-06
728,20,9.91E-08,5.96E-07,-6.40E-06
728,25,1.44E-07,7.49E-07,-6.50E-06
728,30,-3.81E-07,9.02E-07,-6.60E-06
728,35,-9.07E-07,1.13E-06,-6.70E-06
728,40,-1.43E-06,1.35E-06,-6.55E-06
728,45,-1.58E-06,1.57E-06,-6.40E-06
728,50,-1.72E-06,1.69E-06,-6.25E-06
728,60,-1.87E-06,1.81E-06,-5.43E-06
728,70,-1.68E-06,1.93E-06,-4.61E-06
728,80,-1.48E-06,1.65E-06,-3.79E-06
728,90,-1.29E-06,1.37E-06,-3.49E-06
728,100,1.06E-06,1.09E-06,-3.19E-06
729,0,5.37E-06,-2.41E-07,2.13E-05
729,2.5,5.19E-06,9.10E-07,1.06E-05
729,5,5.64E-06,1.23E-06,4.56E-07
729,7.5,5.79E-06,1.34E-06,-4.63E-06
729,10,6.19E-06,1.25E-06,-7.50E-06
729,12.5,5.77E-06,8.26E-07,-9.37E-06
729,15,5.45E-06,1.26E-06,-9.98E-06
729,17.5,4.52E-06,8.64E-07,-1.03E-05
729,20,5.26E-06,1.73E-06,-1.04E-05
729,25,4.84E-06,1.82E-06,-1.02E-05
729,30,4.32E-06,1.91E-06,-1.01E-05
729,35,3.79E-06,2.13E-06,-9.93E-06
729,40,3.27E-06,2.35E-06,-8.70E-06
729,45,3.08E-06,2.57E-06,-7.47E-06
729,50,2.89E-06,2.31E-06,-6.24E-06
729,60,2.70E-06,2.04E-06,-4.25E-06
729,70,2.06E-06,1.78E-06,-2.26E-06
729,80,1.42E-06,1.80E-06,-2.65E-07
729,90,7.76E-07,1.82E-06,-2.91E-06
729,100,3.95E-06,1.84E-06,-5.54E-06
731,0,4.73E-06,4.08E-06,4.89E-05
731,2.5,5.13E-06,3.48E-06,4.17E-05
731,5,5.43E-06,3.00E-06,3.32E-05
731,7.5,5.35E-06,2.31E-06,2.83E-05
731,10,4.59E-06,1.60E-06,2.41E-05
731,12.5,4.84E-06,2.83E-06,2.20E-05
731,15,4.07E-06,1.76E-06,2.04E-05
731,17.5,3.38E-06,2.25E-06,1.92E-05
731,20,4.15E-06,1.92E-06,1.76E-05
731,25,2.35E-06,1.71E-06,1.57E-05
731,30,1.90E-06,1.50E-06,1.38E-05
731,35,1.45E-06,1.44E-06,1.18E-05
731,40,1.00E-06,1.39E-06,1.12E-05
731,45,2.55E-07,1.33E-06,1.06E-05
731,50,-4.95E-07,1.34E-06,9.91E-06
731,60,-1.25E-06,1.35E-06,8.45E-06
731,70,-1.51E-06,1.36E-06,6.98E-06
731,80,-1.77E-06,1.08E-06,5.52E-06
731,90,-2.04E-06,8.05E-07,4.33E-06
731,100,1.31E-06,5.25E-07,3.14E-06
732,0,3.25E-07,2.44E-06,5.24E-05
732,2.5,-1.03E-06,1.33E-06,4.30E-05
732,5,-2.01E-06,1.88E-06,3.27E-05
732,7.5,-2.70E-06,1.72E-08,2.71E-05
732,10,-3.82E-06,-4.28E-08,2.25E-05
732,12.5,-5.00E-06,-1.55E-06,1.90E-05
732,15,-4.82E-06,-1.10E-06,1.91E-05
732,17.5,-4.43E-06,-1.46E-06,1.68E-05
732,20,-3.32E-06,-1.60E-06,1.59E-05
732,25,-3.36E-06,6.73E-08,1.31E-05
732,30,-3.32E-06,1.74E-06,1.02E-05
732,35,-3.28E-06,1.69E-06,7.29E-06
732,40,-3.23E-06,1.64E-06,6.10E-06
732,45,-4.14E-06,1.59E-06,4.91E-06
732,50,-5.05E-06,2.48E-06,3.71E-06
732,60,-5.97E-06,3.38E-06,2.47E-06
732,70,-4.85E-06,4.27E-06,1.23E-06
732,80,-3.74E-06,4.74E-06,-1.39E-08
732,90,-2.63E-06,5.20E-06,1.54E-07
732,100,-2.75E-06,5.67E-06,3.23E-07
734,0,1.60E-06,-1.39E-06,1.33E-05
734,2.5,9.69E-07,-1.22E-06,7.43E-06
734,5,5.66E-07,-1.18E-06,1.80E-06
734,7.5,7.90E-07,-1.39E-06,-1.26E-06
734,10,1.16E-06,-1.53E-06,-3.81E-06
734,12.5,1.01E-06,-4.10E-07,-4.79E-06
734,15,1.01E-06,-7.26E-07,-5.59E-06
734,17.5,5.00E-07,-7.13E-07,-5.98E-06
734,20,1.90E-06,-7.25E-07,-6.60E-06
734,25,1.82E-06,-8.43E-07,-6.86E-06
734,30,1.44E-06,-9.62E-07,-7.12E-06
734,35,1.06E-06,-1.02E-06,-7.39E-06
734,40,6.76E-07,-1.07E-06,-7.29E-06
734,45,2.25E-07,-1.12E-06,-7.18E-06
734,50,-2.26E-07,-8.40E-07,-7.08E-06
734,60,-6.77E-07,-5.59E-07,-6.01E-06
734,70,-7.37E-07,-2.77E-07,-4.95E-06
734,80,-7.97E-07,-2.38E-07,-3.88E-06
734,90,-8.57E-07,-2.00E-07,-3.02E-06
734,100,2.22E-06,-1.61E-07,-2.15E-06
737,0,3.76E-06,-2.97E-06,9.96E-06
737,2.5,3.24E-06,-2.20E-06,3.85E-06
737,5,3.01E-06,-2.72E-06,-1.93E-06
737,7.5,2.75E-06,-2.47E-06,-5.32E-06
737,10,2.18E-06,-2.76E-06,-7.32E-06
737,12.5,2.35E-06,-2.81E-06,-8.50E-06
737,15,1.99E-06,-2.80E-06,-9.17E-06
737,17.5,1.15E-06,-2.12E-06,-9.48E-06
737,20,1.58E-06,-3.21E-06,-9.44E-06
737,25,9.31E-07,-2.52E-06,-9.83E-06
737,30,5.79E-07,-1.84E-06,-1.02E-05
737,35,2.26E-07,-1.68E-06,-1.06E-05
737,40,-1.27E-07,-1.52E-06,-1.08E-05
737,45,-7.22E-08,-1.35E-06,-1.11E-05
737,50,-1.79E-08,-9.80E-07,-1.13E-05
737,60,3.64E-08,-6.05E-07,-9.93E-06
737,70,-3.78E-07,-2.31E-07,-8.53E-06
737,80,-7.93E-07,2.29E-07,-7.14E-06
737,90,-1.21E-06,6.88E-07,-6.27E-06
737,100,1.29E-06,1.15E-06,-5.40E-06
740,0,4.32E-06,4.77E-06,2.54E-05
740,2.5,5.35E-06,3.55E-06,1.87E-05
740,5,5.45E-06,3.20E-06,9.97E-06
740,7.5,5.73E-06,2.79E-06,5.43E-06
740,10,5.19E-06,2.61E-06,2.73E-06
740,12.5,5.37E-06,2.72E-06,8.64E-07
740,15,4.71E-06,2.18E-06,-9.92E-08
740,17.5,4.69E-06,2.69E-06,-1.01E-06
740,20,4.89E-06,2.63E-06,-1.70E-06
740,25,3.77E-06,1.99E-06,-2.21E-06
740,30,3.16E-06,1.35E-06,-2.71E-06
740,35,2.56E-06,1.30E-06,-3.22E-06
740,40,1.95E-06,1.25E-06,-3.33E-06
740,45,1.57E-06,1.20E-06,-3.43E-06
740,50,1.20E-06,5.96E-07,-3.54E-06
740,60,8.24E-07,-8.27E-09,-3.37E-06
740,70,9.04E-07,-6.13E-07,-3.19E-06
740,80,9.84E-07,-2.27E-07,-3.01E-06
740,90,1.06E-06,1.60E-07,-2.88E-06
740,100,2.01E-06,5.46E-07,-2.75E-06
741,0,5.13E-06,4.15E-07,2.60E-05
741,2.5,4.49E-06,8.34E-07,1.92E-05
741,5,4.35E-06,1.56E-06,1.13E-05
741,7.5,4.43E-06,1.35E-06,7.13E-06
741,10,4.06E-06,1.69E-06,4.15E-06
741,12.5,3.59E-06,2.15E-06,2.76E-06
741,15,3.67E-06,2.71E-06,1.58E-06
741,17.5,2.96E-06,1.98E-06,1.16E-06
741,20,3.00E-06,2.23E-06,6.93E-07
741,25,3.00E-06,2.23E-06,-4.10E-07
741,30,2.30E-06,2.22E-06,-1.51E-06
741,35,1.61E-06,2.18E-06,-2.62E-06
741,40,9.16E-07,2.13E-06,-2.65E-06
741,45,5.36E-07,2.09E-06,-2.69E-06
741,50,1.56E-07,1.92E-06,-2.72E-06
741,60,-2.24E-07,1.75E-06,-2.48E-06
741,70,-5.78E-07,1.57E-06,-2.24E-06
741,80,-9.31E-07,1.09E-06,-2.00E-06
741,90,-1.28E-06,6.01E-07,-1.56E-06
741,100,2.26E-06,1.15E-07,-1.12E-06
743,0,-1.16E-06,1.11E-06,2.98E-05
743,2.5,-6.77E-07,2.31E-06,2.14E-05
743,5,-2.83E-07,1.03E-06,1.40E-05
743,7.5,-4.27E-08,9.00E-07,1.06E-05
743,10,8.29E-08,8.43E-07,7.83E-06
743,12.5,-8.54E-08,3.42E-07,6.62E-06
743,15,-2.91E-07,1.06E-06,5.95E-06
743,17.5,-1.11E-06,6.84E-07,5.07E-06
743,20,-4.91E-07,9.67E-07,4.32E-06
743,25,-1.58E-06,8.14E-07,3.03E-06
743,30,-1.78E-06,6.61E-07,1.75E-06
743,35,-1.98E-06,7.99E-07,4.62E-07
743,40,-2.19E-06,9.37E-07,-2.16E-07
743,45,-2.20E-06,1.07E-06,-8.94E-07
743,50,-2.22E-06,1.07E-06,-1.57E-06
743,60,-2.23E-06,1.06E-06,-1.03E-06
743,70,-2.35E-06,1.05E-06,-4.85E-07
743,80,-2.46E-06,1.05E-06,5.87E-08
743,90,-2.57E-06,1.05E-06,-9.71E-08
743,100,1.10E-06,1.05E-06,-2.53E-07
744,0,9.95E-08,2.74E-06,2.16E-05
744,2.5,7.52E-08,3.20E-06,1.44E-05
744,5,1.55E-07,2.20E-06,8.98E-06
744,7.5,3.49E-08,2.16E-06,5.70E-06
744,10,3.52E-08,1.83E-06,3.28E-06
744,12.5,5.84E-07,1.86E-06,1.69E-06
744,15,1.53E-07,1.32E-06,8.51E-07
744,17.5,-9.58E-08,1.12E-06,3.71E-07
744,20,4.13E-07,1.44E-06,-6.87E-07
744,25,-4.20E-07,1.66E-06,-1.43E-06
744,30,-6.62E-07,1.88E-06,-2.16E-06
744,35,-9.05E-07,1.89E-06,-2.90E-06
744,40,-1.15E-06,1.89E-06,-2.90E-06
744,45,-1.27E-06,1.90E-06,-2.90E-06
744,50,-1.39E-06,1.77E-06,-2.89E-06
744,60,-1.52E-06,1.64E-06,-2.87E-06
744,70,-1.62E-06,1.51E-06,-2.84E-06
744,80,-1.72E-06,1.15E-06,-2.81E-06
744,90,-1.82E-06,7.82E-07,-2.90E-06
744,100,1.81E-06,4.19E-07,-3.00E-06
746,0,1.61E-06,-1.81E-06,3.96E-05
746,2.5,1.77E-06,-2.12E-06,3.21E-05
746,5,2.07E-06,-8.35E-07,2.61E-05
746,7.5,2.07E-06,-1.85E-06,2.26E-05
746,10,1.68E-06,-1.74E-06,2.03E-05
746,12.5,1.93E-06,-1.87E-06,1.85E-05
746,15,1.71E-06,-1.70E-06,1.74E-05
746,17.5,9.33E-07,-9.72E-07,1.65E-05
746,20,1.23E-06,-2.10E-06,1.55E-05
746,25,4.28E-07,-1.98E-06,1.34E-05
746,30,1.60E-07,-1.87E-06,1.14E-05
746,35,-1.08E-07,-1.80E-06,9.28E-06
746,40,-3.76E-07,-1.74E-06,8.28E-06
746,45,-6.22E-07,-1.67E-06,7.27E-06
746,50,-8.69E-07,-1.52E-06,6.26E-06
746,60,-1.12E-06,-1.37E-06,5.66E-06
746,70,-1.08E-06,-1.21E-06,5.06E-06
746,80,-1.05E-06,-1.10E-06,4.46E-06
746,90,-1.01E-06,-9.84E-07,3.47E-06
746,100,5.41E-07,-8.70E-07,2.48E-06
747,0,1.44E-06,-2.58E-06,4.82E-05
747,2.5,1.04E-06,-2.41E-06,4.08E-05
747,5,7.79E-07,-1.33E-06,3.50E-05
747,7.5,5.34E-07,-2.34E-06,3.11E-05
747,10,2.59E-07,-1.74E-06,2.82E-05
747,12.5,2.73E-07,-1.78E-06,2.65E-05
747,15,5.25E-07,-1.67E-07,2.49E-05
747,17.5,-2.37E-08,-1.44E-06,2.35E-05
747,20,3.76E-07,-1.60E-06,2.19E-05
747,25,-1.79E-07,-1.32E-06,1.97E-05
747,30,6.10E-08,-1.04E-06,1.74E-05
747,35,3.01E-07,-5.22E-07,1.52E-05
747,40,5.42E-07,-4.36E-10,1.39E-05
747,45,9.44E-08,5.21E-07,1.26E-05
747,50,-3.53E-07,7.55E-07,1.13E-05
747,60,-8.00E-07,9.89E-07,9.39E-06
747,70,-4.08E-07,1.22E-06,7.50E-06
747,80,-1.62E-08,8.56E-07,5.62E-06
747,90,3.76E-07,4.89E-07,4.54E-06
747,100,1.82E-06,1.23E-07,3.46E-06
749,0,3.26E-06,1.43E-07,5.44E-05
749,2.5,4.04E-06,-1.04E-06,4.76E-05
749,5,5.09E-06,7.17E-07,4.03E-05
749,7.5,5.16E-06,-9.83E-07,3.58E-05
749,10,4.88E-06,-7.88E-07,3.23E-05
749,12.5,4.34E-06,-8.36E-07,2.93E-05
749,15,4.00E-06,-9.13E-07,2.74E-05
749,17.5,3.00E-06,8.01E-08,2.59E-05
749,20,3.82E-06,4.84E-08,2.37E-05
749,25,3.72E-06,3.49E-08,2.08E-05
749,30,3.22E-06,2.14E-08,1.78E-05
749,35,2.71E-06,1.88E-07,1.49E-05
749,40,2.21E-06,3.54E-07,1.35E-05
749,45,1.74E-06,5.21E-07,1.22E-05
749,50,1.27E-06,6.74E-07,1.09E-05
749,60,7.96E-07,8.26E-07,9.05E-06
749,70,3.14E-09,9.79E-07,7.19E-06
749,80,-7.90E-07,5.08E-07,5.32E-06
749,90,-1.58E-06,3.72E-08,4.45E-06
749,100,6.78E-07,-4.34E-07,3.57E-06
750,0,1.49E-06,2.09E-06,4.39E-05
750,2.5,2.27E-06,2.50E-06,3.77E-05
750,5,3.50E-06,2.46E-06,3.12E-05
750,7.5,3.76E-06,2.08E-06,2.79E-05
750,10,4.40E-06,1.92E-06,2.46E-05
750,12.5,4.11E-06,2.02E-06,2.24E-05
750,15,3.27E-06,3.12E-06,2.08E-05
750,17.5,3.09E-06,1.72E-06,1.95E-05
750,20,3.17E-06,2.00E-06,1.84E-05
750,25,1.67E-06,1.59E-06,1.57E-05
750,30,1.14E-06,1.18E-06,1.30E-05
750,35,6.15E-07,6.99E-07,1.02E-05
750,40,8.73E-08,2.14E-07,8.70E-06
750,45,-2.84E-07,-2.72E-07,7.15E-06
750,50,-6.56E-07,-5.14E-07,5.61E-06
750,60,-1.03E-06,-7.57E-07,4.19E-06
750,70,-1.26E-06,-1.00E-06,2.78E-06
750,80,-1.50E-06,-1.07E-06,1.36E-06
750,90,-1.74E-06,-1.14E-06,8.24E-07
750,100,9.02E-07,-1.20E-06,2.87E-07
752,0,-1.32E-06,-6.45E-06,4.17E-05
752,2.5,-1.15E-06,-6.35E-06,3.42E-05
752,5,-5.78E-07,-6.27E-06,2.73E-05
752,7.5,-2.87E-07,-5.50E-06,2.39E-05
752,10,-2.74E-07,-5.95E-06,2.10E-05
752,12.5,-5.70E-07,-5.33E-06,1.90E-05
752,15,-2.11E-07,-4.53E-06,1.79E-05
752,17.5,-1.27E-06,-5.51E-06,1.59E-05
752,20,-6.78E-07,-5.48E-06,1.51E-05
752,25,-1.17E-06,-4.35E-06,1.29E-05
752,30,-1.22E-06,-3.22E-06,1.06E-05
752,35,-1.26E-06,-2.75E-06,8.38E-06
752,40,-1.31E-06,-2.29E-06,7.40E-06
752,45,-1.49E-06,-1.82E-06,6.42E-06
752,50,-1.66E-06,-1.18E-06,5.44E-06
752,60,-1.83E-06,-5.52E-07,4.12E-06
752,70,-2.47E-06,8.14E-08,2.81E-06
752,80,-3.11E-06,1.73E-07,1.49E-06
752,90,-3.75E-06,2.65E-07,6.54E-07
752,100,1.70E-06,3.56E-07,-1.80E-07
753,0,2.47E-06,-4.29E-06,4.59E-05
753,2.5,2.51E-06,-5.36E-06,3.78E-05
753,5,3.13E-06,-5.34E-06,3.04E-05
753,7.5,3.24E-06,-4.77E-06,2.70E-05
753,10,2.70E-06,-4.15E-06,2.39E-05
753,12.5,2.96E-06,-3.96E-06,2.23E-05
753,15,3.02E-06,-4.39E-06,2.07E-05
753,17.5,2.49E-06,-3.47E-06,1.96E-05
753,20,2.09E-06,-3.39E-06,1.82E-05
753,25,2.09E-06,-2.54E-06,1.54E-05
753,30,1.28E-06,-1.69E-06,1.26E-05
753,35,4.70E-07,-1.72E-06,9.74E-06
753,40,-3.39E-07,-1.75E-06,8.78E-06
753,45,-1.68E-07,-1.78E-06,7.81E-06
753,50,1.79E-09,-1.25E-06,6.85E-06
753,60,1.72E-07,-7.25E-07,5.44E-06
753,70,-7.12E-07,-1.98E-07,4.04E-06
753,80,-1.60E-06,-9.40E-08,2.63E-06
753,90,-2.48E-06,1.02E-08,2.49E-06
753,100,1.01E-06,1.14E-07,2.35E-06
755,0,-2.42E-07,-3.93E-07,4.79E-05
755,2.5,-3.18E-08,-7.38E-08,4.05E-05
755,5,3.13E-07,3.30E-07,2.92E-05
755,7.5,6.01E-07,-1.40E-07,2.20E-05
755,10,3.42E-07,4.35E-07,1.65E-05
755,12.5,5.58E-07,-8.56E-08,1.35E-05
755,15,6.10E-07,7.90E-09,1.15E-05
755,17.5,1.29E-07,6.07E-08,1.02E-05
755,20,3.24E-07,5.59E-07,9.17E-06
755,25,1.63E-07,5.13E-07,7.69E-06
755,30,6.94E-08,4.66E-07,6.21E-06
755,35,-2.47E-08,3.47E-07,4.73E-06
755,40,-1.19E-07,2.27E-07,4.20E-06
755,45,-3.33E-07,1.07E-07,3.67E-06
755,50,-5.46E-07,8.97E-08,3.15E-06
755,60,-7.60E-07,7.24E-08,2.71E-06
755,70,-9.78E-07,5.51E-08,2.28E-06
755,80,-1.20E-06,-2.61E-07,1.84E-06
755,90,-1.41E-06,-5.76E-07,1.60E-06
755,100,4.70E-08,-8.92E-07,1.35E-06
756,0,-7.38E-07,-2.10E-06,4.59E-05
756,2.5,-7.01E-07,3.15E-07,3.87E-05
756,5,-4.88E-07,-8.14E-07,2.81E-05
756,7.5,-1.39E-07,-1.02E-06,2.09E-05
756,10,-1.37E-07,-8.75E-07,1.55E-05
756,12.5,6.63E-08,-8.38E-07,1.27E-05
756,15,2.08E-07,-4.99E-07,1.05E-05
756,17.5,-4.72E-07,-7.41E-07,9.22E-06
756,20,-4.23E-08,-4.27E-08,8.18E-06
756,25,1.10E-07,-2.71E-08,6.73E-06
756,30,-1.73E-08,-1.15E-08,5.29E-06
756,35,-1.45E-07,2.30E-08,3.84E-06
756,40,-2.72E-07,5.74E-08,3.44E-06
756,45,-1.72E-07,9.19E-08,3.04E-06
756,50,-7.18E-08,-9.71E-08,2.64E-06
756,60,2.85E-08,-2.86E-07,2.08E-06
756,70,5.03E-08,-4.75E-07,1.53E-06
756,80,7.20E-08,-5.83E-07,9.78E-07
756,90,9.37E-08,-6.90E-07,1.22E-06
756,100,2.78E-07,-7.98E-07,1.45E-06
758,0,2.04E-06,-1.50E-06,5.05E-05
758,2.5,2.27E-06,-4.69E-07,3.74E-05
758,5,2.38E-06,9.23E-08,2.51E-05
758,7.5,1.97E-06,5.62E-07,1.95E-05
758,10,2.44E-06,3.78E-07,1.54E-05
758,12.5,2.36E-06,1.28E-06,1.32E-05
758,15,2.49E-06,1.13E-06,1.13E-05
758,17.5,1.52E-06,1.38E-06,9.86E-06
758,20,2.30E-06,1.72E-06,8.72E-06
758,25,5.60E-07,1.32E-06,6.65E-06
758,30,5.76E-09,9.17E-07,4.59E-06
758,35,-5.48E-07,1.21E-06,2.52E-06
758,40,-1.10E-06,1.51E-06,1.70E-06
758,45,-9.68E-07,1.80E-06,8.75E-07
758,50,-8.34E-07,1.63E-06,5.08E-08
758,60,-7.00E-07,1.46E-06,-5.45E-07
758,70,-1.02E-06,1.28E-06,-1.14E-06
758,80,-1.33E-06,1.36E-06,-1.74E-06
758,90,-1.65E-06,1.44E-06,-1.29E-06
758,100,3.83E-06,1.52E-06,-8.39E-07
759,0,5.50E-07,-3.21E-06,3.71E-05
759,2.5,6.80E-07,-2.30E-06,2.55E-05
759,5,8.88E-07,-1.18E-06,1.60E-05
759,7.5,7.65E-07,-2.07E-06,1.07E-05
759,10,8.56E-07,-1.72E-06,7.80E-06
759,12.5,9.89E-07,-1.03E-06,6.37E-06
759,15,9.47E-07,-1.08E-06,4.17E-06
759,17.5,3.60E-07,-1.24E-06,3.51E-06
759,20,1.16E-06,-7.39E-07,2.77E-06
759,25,4.94E-07,-1.06E-06,1.22E-06
759,30,5.03E-07,-1.38E-06,-3.44E-07
759,35,5.12E-07,-1.13E-06,-1.90E-06
759,40,5.20E-07,-8.73E-07,-2.22E-06
759,45,1.73E-08,-6.20E-07,-2.54E-06
759,50,-4.86E-07,-6.53E-07,-2.85E-06
759,60,-9.89E-07,-6.87E-07,-2.69E-06
759,70,-1.40E-06,-7.21E-07,-2.52E-06
759,80,-1.81E-06,-1.02E-06,-2.35E-06
759,90,-2.23E-06,-1.32E-06,-1.48E-06
759,100,2.98E-06,-1.62E-06,-6.01E-07
761,0,4.14E-06,1.84E-06,2.45E-05
761,2.5,3.27E-06,1.62E-06,1.72E-05
761,5,2.41E-06,1.61E-06,1.02E-05
761,7.5,2.25E-06,1.42E-06,6.93E-06
761,10,1.72E-06,1.21E-06,4.87E-06
761,12.5,1.72E-06,8.49E-07,3.94E-06
761,15,2.00E-06,1.40E-06,2.99E-06
761,17.5,1.37E-06,1.19E-06,2.17E-06
761,20,6.66E-07,1.27E-06,1.85E-06
761,25,1.29E-06,1.01E-06,6.34E-07
761,30,9.13E-07,7.54E-07,-5.83E-07
761,35,5.39E-07,1.07E-06,-1.80E-06
761,40,1.65E-07,1.38E-06,-1.88E-06
761,45,1.86E-07,1.69E-06,-1.95E-06
761,50,2.08E-07,1.10E-06,-2.03E-06
761,60,2.30E-07,5.18E-07,-1.55E-06
761,70,5.20E-08,-6.56E-08,-1.07E-06
761,80,-1.26E-07,-1.52E-08,-5.89E-07
761,90,-3.04E-07,3.49E-08,-4.67E-07
761,100,1.96E-06,8.49E-08,-3.44E-07
762,0,1.16E-06,1.41E-06,1.76E-05
762,2.5,9.13E-07,1.54E-06,1.18E-05
762,5,5.86E-07,1.68E-06,6.84E-06
762,7.5,7.39E-07,1.93E-06,4.30E-06
762,10,1.89E-07,1.43E-06,2.90E-06
762,12.5,2.50E-08,1.32E-06,1.88E-06
762,15,1.12E-07,9.86E-07,1.10E-06
762,17.5,-3.97E-07,1.31E-06,6.91E-07
762,20,-2.12E-07,1.39E-06,4.27E-07
762,25,-9.07E-08,1.36E-06,-3.29E-07
762,30,-4.82E-07,1.33E-06,-1.08E-06
762,35,-8.73E-07,1.50E-06,-1.84E-06
762,40,-1.26E-06,1.67E-06,-2.15E-06
762,45,-1.34E-06,1.84E-06,-2.46E-06
762,50,-1.42E-06,1.36E-06,-2.77E-06
762,60,-1.49E-06,8.88E-07,-2.50E-06
762,70,-1.38E-06,4.12E-07,-2.24E-06
762,80,-1.27E-06,1.76E-07,-1.97E-06
762,90,-1.16E-06,-6.11E-08,-2.24E-06
762,100,1.93E-06,-2.98E-07,-2.51E-06
764,0,1.39E-06,3.76E-07,1.64E-05
764,2.5,7.47E-07,4.35E-07,1.24E-05
764,5,2.39E-07,3.14E-07,8.07E-06
764,7.5,-1.75E-07,3.46E-07,6.24E-06
764,10,-6.64E-08,4.32E-07,4.50E-06
764,12.5,-1.12E-07,7.72E-07,3.67E-06
764,15,-5.87E-07,7.55E-07,2.82E-06
764,17.5,-5.36E-07,4.85E-07,2.49E-06
764,20,-2.47E-07,5.69E-07,2.07E-06
764,25,-1.74E-07,6.39E-07,1.52E-06
764,30,-3.32E-07,7.09E-07,9.64E-07
764,35,-4.89E-07,5.44E-07,4.11E-07
764,40,-6.47E-07,3.78E-07,2.83E-07
764,45,-8.81E-07,2.13E-07,1.55E-07
764,50,-1.12E-06,1.97E-07,2.74E-08
764,60,-1.35E-06,1.82E-07,1.72E-07
764,70,-1.28E-06,1.66E-07,3.17E-07
764,80,-1.22E-06,3.06E-07,4.62E-07
764,90,-1.15E-06,4.47E-07,1.86E-07
764,100,7.98E-07,5.87E-07,-8.98E-08
765,0,-2.58E-06,1.52E-06,1.37E-05
765,2.5,-3.03E-06,1.69E-06,9.19E-06
765,5,-2.89E-06,1.69E-06,4.98E-06
765,7.5,-2.80E-06,2.03E-06,2.84E-06
765,10,-3.03E-06,2.35E-06,1.34E-06
765,12.5,-2.85E-06,2.05E-06,6.80E-07
765,15,-3.39E-06,1.77E-06,-3.40E-08
765,17.5,-3.61E-06,1.74E-06,-5.44E-07
765,20,-3.32E-06,2.12E-06,-1.02E-06
765,25,-3.75E-06,1.95E-06,-1.36E-06
765,30,-3.43E-06,1.78E-06,-1.71E-06
765,35,-3.10E-06,1.80E-06,-2.05E-06
765,40,-2.78E-06,1.81E-06,-2.20E-06
765,45,-2.58E-06,1.83E-06,-2.35E-06
765,50,-2.37E-06,1.78E-06,-2.50E-06
765,60,-2.17E-06,1.73E-06,-2.45E-06
765,70,-1.97E-06,1.68E-06,-2.41E-06
765,80,-1.76E-06,1.34E-06,-2.36E-06
765,90,-1.56E-06,1.01E-06,-2.00E-06
765,100,1.31E-06,6.68E-07,-1.63E-06
767,0,3.67E-06,3.00E-06,2.55E-05
767,2.5,3.22E-06,2.20E-06,2.01E-05
767,5,2.51E-06,2.09E-06,1.52E-05
767,7.5,2.04E-06,2.89E-06,1.24E-05
767,10,8.62E-07,1.80E-06,1.06E-05
767,12.5,1.20E-06,1.76E-06,9.42E-06
767,15,1.15E-06,8.49E-07,8.79E-06
767,17.5,1.27E-06,1.77E-06,7.81E-06
767,20,1.59E-06,1.34E-06,7.25E-06
767,25,1.05E-06,1.25E-06,6.14E-06
767,30,9.08E-07,1.16E-06,5.03E-06
767,35,7.66E-07,1.20E-06,3.91E-06
767,40,6.25E-07,1.25E-06,3.45E-06
767,45,4.60E-07,1.29E-06,2.99E-06
767,50,2.95E-07,1.04E-06,2.52E-06
767,60,1.31E-07,7.97E-07,1.94E-06
767,70,-3.52E-07,5.50E-07,1.36E-06
767,80,-8.35E-07,-2.93E-08,7.84E-07
767,90,-1.32E-06,-6.08E-07,9.87E-07
767,100,1.13E-06,-1.19E-06,1.19E-06
768,0,3.10E-06,3.27E-07,2.41E-05
768,2.5,2.75E-06,8.92E-07,1.90E-05
768,5,2.86E-06,1.03E-06,1.48E-05
768,7.5,2.63E-06,1.01E-06,1.22E-05
768,10,1.81E-06,9.43E-07,1.05E-05
768,12.5,1.84E-06,7.06E-07,9.48E-06
768,15,1.65E-06,4.90E-07,8.86E-06
768,17.5,1.59E-06,2.75E-07,8.24E-06
768,20,1.53E-06,4.01E-07,7.61E-06
768,25,1.46E-06,5.28E-07,6.34E-06
768,30,1.22E-06,6.55E-07,5.08E-06
768,35,9.80E-07,7.09E-07,3.81E-06
768,40,7.38E-07,7.64E-07,3.08E-06
768,45,3.88E-07,8.18E-07,2.35E-06
768,50,3.85E-08,8.55E-07,1.62E-06
768,60,-3.11E-07,8.92E-07,1.76E-06
768,70,-3.75E-07,9.29E-07,1.91E-06
768,80,-4.40E-07,5.19E-07,2.05E-06
768,90,-5.04E-07,1.08E-07,1.55E-06
768,100,9.03E-07,-3.03E-07,1.05E-06
770,0,1.85E-06,-2.37E-06,3.47E-05
770,2.5,1.84E-06,-6.86E-07,2.93E-05
770,5,1.74E-06,-1.76E-06,2.51E-05
770,7.5,1.83E-06,-2.03E-06,2.28E-05
770,10,1.31E-06,-1.88E-06,2.10E-05
770,12.5,1.67E-06,-1.60E-06,1.96E-05
770,15,1.31E-06,-1.05E-06,1.77E-05
770,17.5,1.09E-06,-1.13E-06,1.65E-05
770,20,9.05E-07,-2.53E-07,1.53E-05
770,25,6.01E-07,-1.07E-06,1.34E-05
770,30,4.85E-07,-1.88E-06,1.16E-05
770,35,3.68E-07,-1.09E-06,9.69E-06
770,40,2.52E-07,-2.94E-07,8.53E-06
770,45,-6.94E-08,4.98E-07,7.38E-06
770,50,-3.91E-07,3.44E-07,6.23E-06
770,60,-7.13E-07,1.89E-07,5.41E-06
770,70,-3.85E-07,3.38E-08,4.59E-06
770,80,-5.62E-08,-1.31E-07,3.77E-06
770,90,2.72E-07,-2.95E-07,3.02E-06
770,100,1.84E-06,-4.60E-07,2.28E-06
771,0,2.15E-06,-9.50E-07,1.78E-05
771,2.5,2.16E-06,-5.33E-07,1.43E-05
771,5,1.79E-06,-5.01E-07,1.17E-05
771,7.5,1.89E-06,-4.73E-07,1.01E-05
771,10,1.99E-06,-4.35E-07,8.99E-06
771,12.5,2.06E-06,2.50E-07,8.28E-06
771,15,1.78E-06,4.53E-08,7.82E-06
771,17.5,1.38E-06,-1.53E-07,7.60E-06
771,20,1.40E-06,8.29E-07,6.91E-06
771,25,1.17E-06,-1.96E-07,6.20E-06
771,30,1.01E-06,-1.22E-06,5.50E-06
771,35,8.50E-07,-1.12E-06,4.80E-06
771,40,6.90E-07,-1.02E-06,4.49E-06
771,45,3.32E-07,-9.22E-07,4.18E-06
771,50,-2.52E-08,-1.26E-06,3.87E-06
771,60,-3.83E-07,-1.60E-06,3.00E-06
771,70,-4.59E-07,-1.93E-06,2.13E-06
771,80,-5.35E-07,-1.62E-06,1.26E-06
771,90,-6.11E-07,-1.30E-06,1.37E-06
771,100,6.77E-07,-9.85E-07,1.47E-06
773,0,7.38E-06,9.15E-07,3.51E-05
773,2.5,7.16E-06,1.16E-06,2.98E-05
773,5,6.91E-06,2.81E-06,2.56E-05
773,7.5,6.41E-06,1.92E-06,2.35E-05
773,10,5.71E-06,1.55E-06,2.18E-05
773,12.5,5.73E-06,1.14E-06,2.06E-05
773,15,5.46E-06,1.18E-06,1.93E-05
773,17.5,4.87E-06,1.35E-06,1.79E-05
773,20,4.78E-06,1.37E-06,1.67E-05
773,25,4.35E-06,8.27E-07,1.47E-05
773,30,4.05E-06,2.83E-07,1.26E-05
773,35,3.74E-06,1.94E-07,1.05E-05
773,40,3.44E-06,1.05E-07,9.43E-06
773,45,2.61E-06,1.59E-08,8.32E-06
773,50,1.79E-06,1.45E-07,7.21E-06
773,60,9.73E-07,2.75E-07,6.09E-06
773,70,8.92E-07,4.04E-07,4.96E-06
773,80,8.12E-07,1.80E-07,3.84E-06
773,90,7.31E-07,-4.55E-08,2.72E-06
773,100,3.17E-06,-2.71E-07,1.60E-06
774,0,6.36E-06,-9.24E-07,3.14E-05
774,2.5,6.29E-06,-2.47E-07,2.65E-05
774,5,5.73E-06,4.44E-08,2.24E-05
774,7.5,5.55E-06,-1.34E-07,2.04E-05
774,10,5.19E-06,-4.03E-07,1.83E-05
774,12.5,5.31E-06,-2.39E-07,1.74E-05
774,15,5.15E-06,6.27E-07,1.63E-05
774,17.5,4.54E-06,1.65E-07,1.49E-05
774,20,4.50E-06,3.91E-07,1.38E-05
774,25,3.63E-06,4.83E-08,1.20E-05
774,30,3.33E-06,-2.94E-07,1.02E-05
774,35,3.04E-06,2.62E-07,8.45E-06
774,40,2.75E-06,8.19E-07,7.32E-06
774,45,2.21E-06,1.38E-06,6.20E-06
774,50,1.66E-06,7.82E-07,5.08E-06
774,60,1.12E-06,1.88E-07,4.35E-06
774,70,8.13E-07,-4.07E-07,3.62E-06
774,80,5.05E-07,-6.81E-07,2.88E-06
774,90,1.96E-07,-9.55E-07,2.38E-06
774,100,3.19E-06,-1.23E-06,1.88E-06
776,0,1.70E-06,-1.14E-06,1.59E-05
776,2.5,1.91E-06,-6.29E-07,1.22E-05
776,5,1.84E-06,-5.62E-07,9.19E-06
776,7.5,1.79E-06,-2.32E-07,7.84E-06
776,10,1.55E-06,-7.32E-07,6.53E-06
776,12.5,1.55E-06,-7.69E-07,5.48E-06
776,15,1.34E-06,-9.12E-07,5.14E-06
776,17.5,1.12E-06,-6.86E-07,4.37E-06
776,20,1.33E-06,-7.29E-07,3.99E-06
776,25,1.10E-06,-5.99E-07,3.35E-06
776,30,9.08E-07,-4.69E-07,2.72E-06
776,35,7.18E-07,-5.54E-07,2.08E-06
776,40,5.28E-07,-6.38E-07,1.88E-06
776,45,2.98E-07,-7.23E-07,1.69E-06
776,50,6.70E-08,-8.58E-07,1.49E-06
776,60,-1.64E-07,-9.92E-07,1.18E-06
776,70,-2.57E-07,-1.13E-06,8.74E-07
776,80,-3.50E-07,-1.16E-06,5.66E-07
776,90,-4.43E-07,-1.19E-06,5.40E-07
776,100,2.29E-06,-1.23E-06,5.14E-07
777,0,3.78E-07,1.21E-06,4.70E-06
777,2.5,5.91E-07,1.32E-06,1.64E-06
777,5,9.14E-07,1.57E-06,-1.16E-06
777,7.5,1.18E-06,1.43E-06,-2.44E-06
777,10,1.30E-06,1.62E-06,-3.17E-06
777,12.5,7.39E-07,1.33E-06,-3.70E-06
777,15,9.17E-07,1.24E-06,-3.57E-06
777,17.5,1.07E-06,1.15E-06,-3.45E-06
777,20,1.21E-06,1.07E-06,-3.33E-06
777,25,1.36E-06,9.88E-07,-2.90E-06
777,30,1.15E-06,9.08E-07,-2.48E-06
777,35,9.46E-07,1.16E-06,-2.06E-06
777,40,7.38E-07,1.42E-06,-1.74E-06
777,45,6.08E-07,1.67E-06,-1.43E-06
777,50,4.79E-07,1.47E-06,-1.11E-06
777,60,3.50E-07,1.27E-06,-1.05E-06
777,70,-1.35E-08,1.08E-06,-9.93E-07
777,80,-3.77E-07,1.33E-06,-9.34E-07
777,90,-7.40E-07,1.58E-06,-5.14E-07
777,100,1.02E-06,1.83E-06,-9.44E-08
779,0,6.38E-06,2.31E-06,2.70E-05
779,2.5,5.90E-06,2.89E-06,1.55E-05
779,5,5.52E-06,3.27E-06,4.83E-06
779,7.5,4.99E-06,2.91E-06,-9.17E-08
779,10,4.26E-06,2.63E-06,-2.66E-06
779,12.5,4.11E-06,2.56E-06,-3.76E-06
779,15,3.36E-06,2.29E-06,-4.09E-06
779,17.5,3.48E-06,2.34E-06,-4.89E-06
779,20,2.85E-06,3.48E-06,-5.14E-06
779,25,2.47E-06,3.21E-06,-5.79E-06
779,30,2.25E-06,2.93E-06,-6.44E-06
779,35,2.03E-06,3.20E-06,-7.08E-06
779,40,1.82E-06,3.47E-06,-7.37E-06
779,45,1.61E-06,3.74E-06,-7.65E-06
779,50,1.40E-06,3.47E-06,-7.94E-06
779,60,1.19E-06,3.21E-06,-6.73E-06
779,70,3.59E-07,2.94E-06,-5.51E-06
779,80,-4.69E-07,2.97E-06,-4.30E-06
779,90,-1.30E-06,2.99E-06,-3.73E-06
779,100,3.67E-06,3.02E-06,-3.16E-06
782,0,2.21E-06,8.80E-07,2.29E-05
782,2.5,2.03E-06,2.34E-06,1.36E-05
782,5,2.01E-06,2.73E-06,6.33E-06
782,7.5,2.34E-06,2.49E-06,2.94E-06
782,10,1.33E-06,2.12E-06,1.20E-06
782,12.5,1.02E-06,2.62E-06,-1.57E-07
782,15,7.33E-07,1.71E-06,-9.34E-07
782,17.5,6.11E-07,1.61E-06,-1.37E-06
782,20,3.72E-07,1.77E-06,-2.21E-06
782,25,1.34E-07,1.93E-06,-2.92E-06
782,30,1.80E-08,2.10E-06,-3.64E-06
782,35,-9.81E-08,2.37E-06,-4.35E-06
782,40,-2.14E-07,2.64E-06,-4.21E-06
782,45,-6.47E-07,2.92E-06,-4.07E-06
782,50,-1.08E-06,2.44E-06,-3.93E-06
782,60,-1.51E-06,1.97E-06,-3.64E-06
782,70,-1.16E-06,1.50E-06,-3.34E-06
782,80,-8.04E-07,1.51E-06,-3.05E-06
782,90,-4.49E-07,1.53E-06,-2.59E-06
782,100,2.09E-07,1.55E-06,-2.12E-06
783,0,1.15E-06,1.99E-06,2.63E-05
783,2.5,1.19E-06,2.07E-06,1.77E-05
783,5,9.64E-07,1.74E-06,1.05E-05
783,7.5,1.04E-06,1.77E-06,7.18E-06
783,10,4.34E-07,2.27E-06,4.67E-06
783,12.5,3.84E-07,2.18E-06,3.58E-06
783,15,4.63E-07,1.57E-06,2.51E-06
783,17.5,2.78E-07,2.29E-06,2.15E-06
783,20,1.15E-07,2.14E-06,1.72E-06
783,25,9.07E-08,1.54E-06,5.23E-07
783,30,5.13E-08,9.31E-07,-6.76E-07
783,35,1.20E-08,8.93E-07,-1.88E-06
783,40,-2.73E-08,8.54E-07,-2.29E-06
783,45,-9.37E-08,8.16E-07,-2.70E-06
783,50,-1.60E-07,8.06E-07,-3.11E-06
783,60,-2.27E-07,7.96E-07,-2.74E-06
783,70,-3.08E-07,7.86E-07,-2.38E-06
783,80,-3.90E-07,1.35E-07,-2.02E-06
783,90,-4.71E-07,-5.16E-07,-1.75E-06
783,100,3.02E-06,-1.17E-06,-1.48E-06
785,0,7.36E-06,-4.20E-08,4.80E-05
785,2.5,6.42E-06,2.46E-06,3.89E-05
785,5,6.00E-06,7.35E-07,3.10E-05
785,7.5,5.17E-06,9.16E-07,2.75E-05
785,10,4.33E-06,1.84E-06,2.46E-05
785,12.5,5.01E-06,5.01E-07,2.29E-05
785,15,4.52E-06,6.84E-07,2.13E-05
785,17.5,4.00E-06,3.40E-07,1.99E-05
785,20,3.99E-06,9.33E-07,1.79E-05
785,25,2.64E-06,8.23E-07,1.50E-05
785,30,1.68E-06,7.12E-07,1.22E-05
785,35,7.20E-07,5.01E-07,9.39E-06
785,40,-2.42E-07,2.90E-07,7.92E-06
785,45,-2.10E-07,7.90E-08,6.44E-06
785,50,-1.78E-07,4.88E-07,4.96E-06
785,60,-1.47E-07,8.97E-07,3.85E-06
785,70,-8.09E-07,1.31E-06,2.74E-06
785,80,-1.47E-06,6.86E-07,1.63E-06
785,90,-2.13E-06,6.64E-08,1.44E-06
785,100,4.86E-06,-5.54E-07,1.25E-06
786,0,4.13E-06,-1.32E-06,4.29E-05
786,2.5,3.95E-06,2.49E-07,2.98E-05
786,5,2.87E-06,4.63E-07,1.94E-05
786,7.5,3.17E-06,3.61E-07,1.50E-05
786,10,2.23E-06,-2.53E-07,1.27E-05
786,12.5,1.74E-06,9.21E-08,1.11E-05
786,15,1.39E-06,-7.68E-07,9.79E-06
786,17.5,3.76E-07,1.47E-07,8.77E-06
786,20,9.04E-07,4.79E-07,8.07E-06
786,25,3.21E-07,2.41E-07,6.11E-06
786,30,9.71E-08,2.63E-09,4.15E-06
786,35,-1.27E-07,3.07E-07,2.19E-06
786,40,-3.51E-07,6.12E-07,1.30E-06
786,45,-2.76E-07,9.16E-07,4.09E-07
786,50,-2.01E-07,7.70E-07,-4.80E-07
786,60,-1.26E-07,6.24E-07,-8.60E-07
786,70,-6.62E-07,4.77E-07,-1.24E-06
786,80,-1.20E-06,-9.11E-08,-1.62E-06
786,90,-1.73E-06,-6.60E-07,-1.66E-06
786,100,4.63E-06,-1.23E-06,-1.70E-06
788,0,2.88E-06,5.54E-07,2.28E-05
788,2.5,3.36E-06,1.17E-06,1.53E-05
788,5,3.52E-06,1.21E-06,9.70E-06
788,7.5,3.76E-06,5.90E-07,6.10E-06
788,10,2.99E-06,-1.70E-07,4.72E-06
788,12.5,1.82E-06,-2.69E-08,4.00E-06
788,15,1.86E-06,1.16E-06,2.65E-06
788,17.5,1.63E-06,9.67E-07,2.48E-06
788,20,2.19E-06,1.58E-06,1.96E-06
788,25,5.62E-07,1.24E-06,6.15E-07
788,30,3.86E-07,8.93E-07,-7.25E-07
788,35,2.10E-07,1.58E-06,-2.07E-06
788,40,3.44E-08,2.26E-06,-2.05E-06
788,45,-1.86E-07,2.94E-06,-2.04E-06
788,50,-4.06E-07,2.91E-06,-2.02E-06
788,60,-6.27E-07,2.88E-06,-1.72E-06
788,70,-1.21E-06,2.84E-06,-1.43E-06
788,80,-1.79E-06,2.29E-06,-1.13E-06
788,90,-2.37E-06,1.73E-06,-1.43E-06
788,100,4.50E-07,1.17E-06,-1.74E-06
789,0,6.34E-06,-2.47E-06,2.72E-05
789,2.5,6.12E-06,-1.91E-06,1.96E-05
789,5,5.74E-06,-7.97E-07,1.41E-05
789,7.5,5.11E-06,-1.28E-06,1.08E-05
789,10,4.79E-06,-1.20E-06,9.31E-06
789,12.5,4.96E-06,-1.17E-06,7.89E-06
789,15,4.18E-06,1.45E-08,7.35E-06
789,17.5,3.94E-06,-3.97E-07,6.05E-06
789,20,3.59E-06,-5.02E-08,5.33E-06
789,25,2.77E-06,-3.23E-07,4.24E-06
789,30,1.71E-06,-5.95E-07,3.15E-06
789,35,6.55E-07,-1.26E-06,2.05E-06
789,40,-4.04E-07,-1.93E-06,1.75E-06
789,45,-4.83E-07,-2.60E-06,1.45E-06
789,50,-5.62E-07,-1.79E-06,1.15E-06
789,60,-6.41E-07,-9.81E-07,1.13E-06
789,70,-8.58E-07,-1.70E-07,1.11E-06
789,80,-1.08E-06,-1.84E-07,1.09E-06
789,90,-1.29E-06,-1.99E-07,9.36E-07
789,100,1.55E-06,-2.13E-07,7.78E-07
791,0,4.74E-06,-2.33E-06,1.93E-05
791,2.5,3.97E-06,-9.57E-07,1.04E-05
791,5,3.44E-06,-6.79E-07,1.94E-06
791,7.5,3.02E-06,-5.63E-07,-2.10E-06
791,10,2.41E-06,-1.31E-07,-4.29E-06
791,12.5,2.44E-06,-2.73E-07,-5.25E-06
791,15,1.74E-06,-6.62E-08,-5.83E-06
791,17.5,1.93E-06,-1.73E-07,-5.75E-06
791,20,1.37E-06,5.47E-07,-5.64E-06
791,25,1.85E-06,3.16E-07,-6.18E-06
791,30,1.23E-06,8.47E-08,-6.71E-06
791,35,6.16E-07,1.72E-09,-7.25E-06
791,40,-1.59E-09,-8.13E-08,-7.24E-06
791,45,-9.55E-08,-1.64E-07,-7.23E-06
791,50,-1.90E-07,1.21E-07,-7.22E-06
791,60,-2.84E-07,4.06E-07,-5.94E-06
791,70,-4.47E-07,6.91E-07,-4.66E-06
791,80,-6.09E-07,8.33E-07,-3.38E-06
791,90,-7.73E-07,9.76E-07,-2.83E-06
791,100,1.48E-06,1.12E-06,-2.29E-06
792,0,1.48E-06,-3.40E-06,2.01E-05
792,2.5,1.33E-06,-2.80E-06,1.29E-05
792,5,9.89E-07,-2.89E-06,6.66E-06
792,7.5,1.33E-06,-3.26E-06,4.23E-06
792,10,3.64E-07,-3.15E-06,2.77E-06
792,12.5,4.59E-07,-2.45E-06,2.43E-06
792,15,5.20E-07,-2.19E-06,1.70E-06
792,17.5,8.64E-07,-3.03E-06,1.17E-06
792,20,2.59E-07,-2.27E-06,6.56E-07
792,25,7.07E-07,-1.76E-06,-3.02E-07
792,30,1.26E-07,-1.24E-06,-1.26E-06
792,35,-4.56E-07,-1.04E-06,-2.22E-06
792,40,-1.04E-06,-8.45E-07,-2.46E-06
792,45,-1.28E-06,-6.49E-07,-2.69E-06
792,50,-1.52E-06,-9.30E-07,-2.93E-06
792,60,-1.77E-06,-1.21E-06,-2.55E-06
792,70,-2.01E-06,-1.49E-06,-2.16E-06
792,80,-2.25E-06,-1.05E-06,-1.78E-06
792,90,-2.49E-06,-6.00E-07,-6.54E-07
792,100,6.35E-07,-1.55E-07,4.72E-07
794,0,3.80E-06,5.31E-07,3.06E-05
794,2.5,3.50E-06,9.28E-07,2.44E-05
794,5,3.06E-06,1.82E-06,1.94E-05
794,7.5,3.04E-06,8.07E-07,1.68E-05
794,10,3.10E-06,4.77E-07,1.43E-05
794,12.5,2.98E-06,8.56E-07,1.32E-05
794,15,2.76E-06,2.06E-07,1.21E-05
794,17.5,2.54E-06,7.24E-07,1.04E-05
794,20,2.55E-06,1.35E-06,9.01E-06
794,25,2.43E-06,6.34E-07,7.41E-06
794,30,2.16E-06,-8.11E-08,5.82E-06
794,35,1.89E-06,6.46E-10,4.22E-06
794,40,1.63E-06,8.24E-08,3.48E-06
794,45,1.19E-06,1.64E-07,2.74E-06
794,50,7.60E-07,4.16E-07,2.00E-06
794,60,3.25E-07,6.67E-07,1.19E-06
794,70,-1.10E-08,9.19E-07,3.80E-07
794,80,-3.47E-07,4.93E-07,-4.31E-07
794,90,-6.83E-07,6.71E-08,1.21E-07
794,100,1.72E-06,-3.59E-07,6.74E-07
795,0,-3.30E-06,-4.45E-07,3.27E-05
795,2.5,-3.13E-06,6.41E-08,2.58E-05
795,5,-2.66E-06,7.90E-07,2.04E-05
795,7.5,-2.65E-06,-4.41E-07,1.74E-05
795,10,-3.08E-06,7.32E-08,1.57E-05
795,12.5,-2.17E-06,-2.01E-07,1.37E-05
795,15,-1.12E-06,-4.61E-08,1.27E-05
795,17.5,-2.02E-06,-1.99E-07,1.20E-05
795,20,-1.18E-06,-5.44E-07,1.08E-05
795,25,-1.57E-06,3.22E-07,9.34E-06
795,30,-1.67E-06,1.19E-06,7.88E-06
795,35,-1.76E-06,2.08E-06,6.43E-06
795,40,-1.86E-06,2.98E-06,5.41E-06
795,45,-1.76E-06,3.87E-06,4.38E-06
795,50,-1.65E-06,3.65E-06,3.36E-06
795,60,-1.55E-06,3.44E-06,2.47E-06
795,70,-1.57E-06,3.22E-06,1.58E-06
795,80,-1.58E-06,2.43E-06,6.96E-07
795,90,-1.60E-06,1.65E-06,6.89E-07
795,100,1.04E-06,8.64E-07,6.82E-07
797,0,-2.71E-07,-1.55E-06,3.79E-05
797,2.5,6.84E-08,-8.95E-07,3.04E-05
797,5,-8.94E-08,-6.59E-07,2.47E-05
797,7.5,-1.93E-07,3.83E-09,2.16E-05
797,10,-1.22E-07,-1.05E-06,1.95E-05
797,12.5,-6.99E-10,-9.53E-07,1.78E-05
797,15,1.53E-07,-1.19E-07,1.65E-05
797,17.5,-4.26E-07,-4.79E-07,1.49E-05
797,20,-6.39E-07,-9.97E-07,1.42E-05
797,25,4.14E-08,-4.30E-07,1.19E-05
797,30,-4.27E-07,1.37E-07,9.58E-06
797,35,-8.95E-07,2.49E-07,7.26E-06
797,40,-1.36E-06,3.60E-07,6.60E-06
797,45,-1.58E-06,4.72E-07,5.93E-06
797,50,-1.80E-06,4.15E-07,5.27E-06
797,60,-2.02E-06,3.58E-07,4.22E-06
797,70,-2.22E-06,3.01E-07,3.17E-06
797,80,-2.41E-06,1.46E-07,2.12E-06
797,90,-2.61E-06,-8.36E-09,1.64E-06
797,100,2.73E-06,-1.63E-07,1.16E-06
798,0,3.56E-07,-7.36E-06,3.69E-05
798,2.5,5.56E-07,-1.35E-06,2.93E-05
798,5,1.63E-07,-1.13E-06,2.37E-05
798,7.5,-2.00E-07,-1.12E-06,2.04E-05
798,10,-6.57E-07,-1.32E-06,1.78E-05
798,12.5,-1.01E-06,-1.50E-06,1.63E-05
798,15,-1.19E-06,-8.16E-07,1.50E-05
798,17.5,-1.93E-06,-1.83E-07,1.34E-05
798,20,-1.74E-06,-1.04E-06,1.21E-05
798,25,-1.39E-06,-3.57E-07,1.04E-05
798,30,-1.62E-06,3.24E-07,8.69E-06
798,35,-1.84E-06,3.99E-07,6.98E-06
798,40,-2.06E-06,4.73E-07,5.73E-06
798,45,-2.19E-06,5.48E-07,4.47E-06
798,50,-2.31E-06,4.04E-07,3.22E-06
798,60,-2.44E-06,2.59E-07,2.57E-06
798,70,-3.16E-06,1.15E-07,1.92E-06
798,80,-3.88E-06,5.55E-07,1.27E-06
798,90,-4.61E-06,9.95E-07,5.20E-07
798,100,3.68E-08,1.44E-06,-2.30E-07
800,0,2.67E-06,-5.16E-07,2.52E-05
800,2.5,2.64E-06,7.16E-07,1.60E-05
800,5,2.33E-06,1.42E-06,8.48E-06
800,7.5,2.64E-06,1.74E-06,4.76E-06
800,10,2.27E-06,1.71E-06,2.66E-06
800,12.5,2.53E-06,1.49E-06,1.42E-06
800,15,1.95E-06,1.69E-06,5.73E-07
800,17.5,1.32E-06,1.53E-06,-8.74E-07
800,20,1.62E-06,1.73E-06,-1.23E-06
800,25,8.24E-07,1.94E-06,-2.04E-06
800,30,6.48E-07,2.14E-06,-2.86E-06
800,35,4.73E-07,2.36E-06,-3.68E-06
800,40,2.98E-07,2.58E-06,-4.58E-06
800,45,-3.39E-07,2.80E-06,-5.48E-06
800,50,-9.75E-07,2.05E-06,-6.38E-06
800,60,-1.61E-06,1.31E-06,-5.85E-06
800,70,-1.44E-06,5.70E-07,-5.31E-06
800,80,-1.27E-06,7.92E-07,-4.77E-06
800,90,-1.10E-06,1.01E-06,-3.04E-06
800,100,4.30E-06,1.24E-06,-1.31E-06
801,0,6.44E-07,-2.12E-06,2.84E-05
801,2.5,6.25E-07,3.79E-07,1.81E-05
801,5,6.49E-07,-2.85E-08,1.09E-05
801,7.5,3.23E-07,4.78E-07,8.22E-06
801,10,6.14E-08,1.65E-06,6.05E-06
801,12.5,2.25E-07,1.55E-06,4.98E-06
801,15,-5.35E-08,1.46E-06,4.41E-06
801,17.5,-1.93E-07,1.58E-06,3.49E-06
801,20,-2.78E-07,1.81E-06,2.17E-06
801,25,-1.01E-06,2.04E-06,1.24E-06
801,30,-1.37E-06,2.28E-06,3.19E-07
801,35,-1.73E-06,2.35E-06,-6.05E-07
801,40,-2.09E-06,2.43E-06,-1.02E-06
801,45,-1.57E-06,2.51E-06,-1.44E-06
801,50,-1.05E-06,2.47E-06,-1.86E-06
801,60,-5.31E-07,2.42E-06,-2.26E-06
801,70,-1.29E-06,2.38E-06,-2.67E-06
801,80,-2.06E-06,1.82E-06,-3.07E-06
801,90,-2.82E-06,1.26E-06,-2.55E-06
801,100,2.65E-06,7.05E-07,-2.03E-06
803,0,8.23E-06,-1.65E-06,2.86E-05
803,2.5,7.20E-06,-7.87E-07,1.94E-05
803,5,6.29E-06,-2.54E-07,1.15E-05
803,7.5,5.46E-06,3.56E-07,7.59E-06
803,10,4.57E-06,1.16E-06,4.85E-06
803,12.5,3.75E-06,9.67E-07,3.96E-06
803,15,3.82E-06,1.06E-06,2.72E-06
803,17.5,4.05E-06,1.67E-06,1.69E-06
803,20,4.01E-06,2.42E-06,1.32E-06
803,25,3.59E-06,2.00E-06,3.95E-07
803,30,2.92E-06,1.58E-06,-5.35E-07
803,35,2.25E-06,1.37E-06,-1.46E-06
803,40,1.58E-06,1.17E-06,-1.71E-06
803,45,1.08E-06,9.65E-07,-1.95E-06
803,50,5.70E-07,7.23E-07,-2.19E-06
803,60,6.55E-08,4.80E-07,-2.20E-06
803,70,-1.92E-07,2.38E-07,-2.21E-06
803,80,-4.51E-07,-2.11E-07,-2.21E-06
803,90,-7.09E-07,-6.60E-07,-2.33E-06
803,100,2.93E-06,-1.11E-06,-2.44E-06
804,0,2.85E-06,-4.43E-06,3.11E-05
804,2.5,3.13E-06,-2.05E-06,2.15E-05
804,5,3.02E-06,-1.93E-06,1.40E-05
804,7.5,2.97E-06,-1.95E-06,1.09E-05
804,10,2.43E-06,-8.92E-07,8.93E-06
804,12.5,1.90E-06,-9.90E-07,7.85E-06
804,15,2.12E-06,-1.11E-06,7.05E-06
804,17.5,1.23E-06,-1.26E-06,6.54E-06
804,20,1.16E-06,-4.15E-07,5.75E-06
804,25,1.48E-06,-2.52E-07,4.37E-06
804,30,9.41E-07,-8.95E-08,2.98E-06
804,35,4.03E-07,3.12E-07,1.59E-06
804,40,-1.35E-07,7.14E-07,4.73E-07
804,45,-7.27E-07,1.12E-06,-6.46E-07
804,50,-1.32E-06,1.21E-06,-1.77E-06
804,60,-1.91E-06,1.31E-06,-1.57E-06
804,70,-2.15E-06,1.41E-06,-1.38E-06
804,80,-2.38E-06,6.34E-07,-1.18E-06
804,90,-2.62E-06,-1.42E-07,-8.85E-07
804,100,3.18E-06,-9.18E-07,-5.85E-07
806,0,-5.08E-07,3.69E-07,2.18E-05
806,2.5,-1.00E-07,9.40E-07,1.46E-05
806,5,1.34E-07,9.31E-07,9.20E-06
806,7.5,1.38E-07,6.70E-07,7.30E-06
806,10,-2.57E-08,5.75E-07,5.91E-06
806,12.5,1.10E-07,9.46E-07,4.86E-06
806,15,-1.47E-07,1.04E-06,4.80E-06
806,17.5,-5.92E-07,7.11E-07,4.36E-06
806,20,-5.72E-07,7.29E-07,3.58E-06
806,25,-9.85E-07,9.60E-07,2.52E-06
806,30,-1.18E-06,1.19E-06,1.47E-06
806,35,-1.38E-06,1.12E-06,4.11E-07
806,40,-1.57E-06,1.05E-06,3.89E-08
806,45,-1.64E-06,9.85E-07,-3.33E-07
806,50,-1.71E-06,1.01E-06,-7.05E-07
806,60,-1.78E-06,1.04E-06,-5.92E-07
806,70,-1.83E-06,1.07E-06,-4.80E-07
806,80,-1.88E-06,9.30E-07,-3.68E-07
806,90,-1.93E-06,7.96E-07,-2.97E-07
806,100,1.21E-06,6.61E-07,-2.27E-07
807,0,1.96E-06,5.31E-07,1.66E-05
807,2.5,2.21E-06,3.42E-07,1.10E-05
807,5,2.39E-06,7.00E-07,6.22E-06
807,7.5,2.69E-06,6.44E-07,4.14E-06
807,10,2.18E-06,8.77E-07,3.04E-06
807,12.5,2.19E-06,3.51E-07,1.94E-06
807,15,2.41E-06,3.24E-07,1.70E-06
807,17.5,2.03E-06,4.33E-07,1.34E-06
807,20,2.27E-06,8.84E-07,1.01E-06
807,25,2.13E-06,1.08E-06,5.71E-07
807,30,1.90E-06,1.27E-06,1.31E-07
807,35,1.66E-06,1.21E-06,-3.10E-07
807,40,1.43E-06,1.15E-06,-4.39E-07
807,45,1.22E-06,1.09E-06,-5.68E-07
807,50,1.01E-06,7.05E-07,-6.97E-07
807,60,8.03E-07,3.19E-07,-7.83E-07
807,70,4.73E-07,-6.65E-08,-8.69E-07
807,80,1.42E-07,1.71E-07,-9.55E-07
807,90,-1.88E-07,4.09E-07,-7.25E-07
807,100,2.29E-06,6.46E-07,-4.94E-07
809,0,1.79E-06,-3.51E-06,1.24E-05
809,2.5,2.18E-06,-3.03E-06,7.47E-06
809,5,2.42E-06,-2.41E-06,3.74E-06
809,7.5,2.50E-06,-2.02E-06,2.01E-06
809,10,2.63E-06,-1.61E-06,1.06E-06
809,12.5,2.60E-06,-1.76E-06,7.48E-07
809,15,2.37E-06,-1.42E-06,4.15E-07
809,17.5,2.09E-06,-1.08E-06,8.33E-08
809,20,1.80E-06,-8.76E-07,-2.49E-07
809,25,1.52E-06,-6.70E-07,-5.92E-07
809,30,1.40E-06,-4.64E-07,-9.34E-07
809,35,1.27E-06,-5.06E-07,-1.28E-06
809,40,1.15E-06,-5.49E-07,-1.72E-06
809,45,8.77E-07,-5.92E-07,-2.16E-06
809,50,6.07E-07,-3.68E-07,-2.61E-06
809,60,3.37E-07,-1.45E-07,-1.99E-06
809,70,5.29E-07,7.90E-08,-1.37E-06
809,80,7.21E-07,1.24E-07,-7.51E-07
809,90,9.13E-07,1.69E-07,-1.66E-06
809,100,8.73E-07,2.14E-07,-2.57E-06
810,0,7.39E-07,-2.22E-06,1.83E-05
810,2.5,9.69E-07,-1.59E-06,1.29E-05
810,5,1.06E-06,-1.16E-06,8.54E-06
810,7.5,1.28E-06,-6.55E-07,6.51E-06
810,10,1.01E-06,-1.04E-06,4.82E-06
810,12.5,5.44E-07,-1.13E-06,3.78E-06
810,15,5.33E-07,-1.20E-06,3.26E-06
810,17.5,2.03E-07,-1.27E-06,2.73E-06
810,20,-1.27E-07,-1.05E-06,2.21E-06
810,25,-4.57E-07,-8.21E-07,1.18E-06
810,30,-8.73E-07,-5.96E-07,1.41E-07
810,35,-1.29E-06,-2.80E-07,-8.93E-07
810,40,-1.70E-06,3.60E-08,-9.65E-07
810,45,-1.97E-06,3.52E-07,-1.04E-06
810,50,-2.23E-06,2.81E-07,-1.11E-06
810,60,-2.49E-06,2.11E-07,-1.09E-06
810,70,-2.12E-06,1.40E-07,-1.08E-06
810,80,-1.75E-06,2.79E-07,-1.06E-06
810,90,-1.37E-06,4.18E-07,-1.62E-06
810,100,1.48E-06,5.57E-07,-2.17E-06
812,0,1.65E-06,-8.32E-07,1.56E-05
812,2.5,1.96E-06,-5.97E-07,1.18E-05
812,5,1.89E-06,-6.10E-08,7.87E-06
812,7.5,1.91E-06,7.60E-08,6.01E-06
812,10,2.13E-06,9.43E-08,5.10E-06
812,12.5,2.07E-06,2.49E-08,4.45E-06
812,15,1.60E-06,5.45E-07,3.72E-06
812,17.5,1.21E-06,6.90E-07,2.76E-06
812,20,9.05E-07,4.71E-07,2.39E-06
812,25,8.04E-07,6.74E-07,1.94E-06
812,30,6.94E-07,8.77E-07,1.49E-06
812,35,5.84E-07,8.44E-07,1.04E-06
812,40,4.74E-07,8.11E-07,8.60E-07
812,45,1.46E-07,7.79E-07,6.83E-07
812,50,-1.82E-07,5.70E-07,5.07E-07
812,60,-5.11E-07,3.62E-07,2.31E-07
812,70,-2.49E-07,1.54E-07,-4.46E-08
812,80,1.19E-08,-6.89E-08,-3.20E-07
812,90,2.73E-07,-2.92E-07,-6.05E-07
812,100,1.79E-06,-5.15E-07,-8.90E-07
813,0,-3.40E-07,5.08E-07,1.72E-05
813,2.5,-3.79E-08,9.16E-07,1.16E-05
813,5,6.68E-08,1.36E-06,7.32E-06
813,7.5,-1.44E-07,1.46E-06,5.31E-06
813,10,-7.77E-07,1.54E-06,3.86E-06
813,12.5,-9.90E-07,1.75E-06,3.34E-06
813,15,-1.01E-06,1.49E-06,2.90E-06
813,17.5,-9.36E-07,1.22E-06,2.47E-06
813,20,-8.59E-07,1.01E-06,2.04E-06
813,25,-7.82E-07,7.90E-07,1.73E-06
813,30,-8.28E-07,5.74E-07,1.42E-06
813,35,-8.73E-07,7.20E-07,1.12E-06
813,40,-9.18E-07,8.66E-07,6.66E-07
813,45,-7.99E-07,1.01E-06,2.13E-07
813,50,-6.80E-07,9.45E-07,-2.39E-07
813,60,-5.61E-07,8.78E-07,-4.42E-07
813,70,-8.98E-07,8.11E-07,-6.45E-07
813,80,-1.23E-06,1.06E-06,-8.48E-07
813,90,-1.57E-06,1.32E-06,-7.39E-07
813,100,2.31E-06,1.57E-06,-6.30E-07
815,0,8.21E-07,-4.18E-06,2.37E-05
815,2.5,-9.13E-08,-3.14E-06,1.70E-05
815,5,-5.52E-07,-3.13E-06,1.14E-05
815,7.5,-5.75E-07,-2.03E-06,8.76E-06
815,10,-1.93E-06,-1.98E-06,7.21E-06
815,12.5,-1.33E-06,-2.26E-06,6.14E-06
815,15,-1.58E-06,-1.84E-06,5.68E-06
815,17.5,-1.34E-06,-1.43E-06,5.21E-06
815,20,-1.10E-06,-9.40E-07,4.75E-06
815,25,-8.63E-07,-4.55E-07,4.00E-06
815,30,-9.94E-07,3.09E-08,3.25E-06
815,35,-1.12E-06,1.57E-07,2.51E-06
815,40,-1.26E-06,2.84E-07,2.23E-06
815,45,-1.22E-06,4.10E-07,1.96E-06
815,50,-1.18E-06,6.68E-07,1.68E-06
815,60,-1.15E-06,9.25E-07,1.49E-06
815,70,-1.18E-06,1.18E-06,1.30E-06
815,80,-1.21E-06,1.31E-06,1.12E-06
815,90,-1.25E-06,1.44E-06,1.97E-07
815,100,1.12E-06,1.57E-06,-7.23E-07
816,0,1.78E-06,-1.57E-07,2.80E-05
816,2.5,1.26E-06,-7.43E-07,2.22E-05
816,5,6.88E-07,-1.94E-07,1.72E-05
816,7.5,1.61E-07,2.85E-07,1.45E-05
816,10,2.98E-07,1.92E-07,1.23E-05
816,12.5,2.23E-07,3.26E-07,1.14E-05
816,15,-2.64E-07,7.46E-07,1.01E-05
816,17.5,-8.85E-07,5.99E-07,9.56E-06
816,20,-5.21E-07,6.46E-07,9.11E-06
816,25,-9.70E-07,1.03E-06,7.61E-06
816,30,-9.68E-07,1.42E-06,6.11E-06
816,35,-9.67E-07,1.24E-06,4.61E-06
816,40,-9.65E-07,1.06E-06,4.06E-06
816,45,-1.21E-06,8.89E-07,3.51E-06
816,50,-1.46E-06,4.86E-07,2.96E-06
816,60,-1.70E-06,8.27E-08,2.57E-06
816,70,-1.96E-06,-3.20E-07,2.17E-06
816,80,-2.21E-06,-2.64E-07,1.78E-06
816,90,-2.47E-06,-2.07E-07,8.71E-07
816,100,2.51E-06,-1.51E-07,-3.23E-08
818,0,6.83E-06,2.37E-06,2.98E-05
818,2.5,5.55E-06,2.89E-06,2.32E-05
818,5,4.34E-06,2.63E-06,1.69E-05
818,7.5,4.37E-06,3.06E-06,1.39E-05
818,10,3.94E-06,8.33E-07,1.24E-05
818,12.5,3.74E-06,1.01E-06,1.06E-05
818,15,2.92E-06,7.05E-07,9.41E-06
818,17.5,2.73E-06,1.90E-06,8.53E-06
818,20,3.13E-06,2.05E-06,7.58E-06
818,25,2.38E-06,1.53E-06,6.01E-06
818,30,1.67E-06,1.01E-06,4.43E-06
818,35,9.66E-07,1.46E-06,2.85E-06
818,40,2.61E-07,1.91E-06,2.23E-06
818,45,1.46E-08,2.36E-06,1.60E-06
818,50,-2.32E-07,2.19E-06,9.75E-07
818,60,-4.79E-07,2.02E-06,8.87E-07
818,70,-6.10E-07,1.85E-06,8.00E-07
818,80,-7.42E-07,1.76E-06,7.12E-07
818,90,-8.73E-07,1.67E-06,4.15E-07
818,100,1.05E-06,1.58E-06,1.18E-07
819,0,5.56E-06,4.51E-06,2.80E-05
819,2.5,4.45E-06,3.71E-06,2.14E-05
819,5,4.11E-06,3.49E-06,1.55E-05
819,7.5,3.44E-06,3.12E-06,1.24E-05
819,10,3.29E-06,3.13E-06,1.06E-05
819,12.5,2.88E-06,2.58E-06,9.49E-06
819,15,2.62E-06,3.42E-06,8.12E-06
819,17.5,2.28E-06,3.02E-06,6.82E-06
819,20,2.41E-06,3.10E-06,6.37E-06
819,25,8.91E-07,3.35E-06,4.90E-06
819,30,1.04E-06,3.60E-06,3.43E-06
819,35,1.19E-06,3.42E-06,1.97E-06
819,40,1.33E-06,3.24E-06,1.04E-06
819,45,1.07E-06,3.06E-06,1.06E-07
819,50,8.12E-07,3.37E-06,-8.25E-07
819,60,5.50E-07,3.68E-06,-7.99E-07
819,70,-3.59E-07,4.00E-06,-7.73E-07
819,80,-1.27E-06,3.50E-06,-7.47E-07
819,90,-2.18E-06,3.00E-06,-1.03E-06
819,100,3.82E-06,2.51E-06,-1.31E-06
821,0,-6.64E-07,3.27E-07,2.47E-05
821,2.5,-1.07E-06,1.87E-07,1.69E-05
821,5,-7.15E-07,-4.93E-07,1.08E-05
821,7.5,-2.45E-07,-4.30E-07,8.13E-06
821,10,-7.74E-07,5.46E-07,6.06E-06
821,12.5,-9.50E-07,6.66E-07,5.33E-06
821,15,-1.44E-06,3.91E-07,4.24E-06
821,17.5,-7.11E-07,5.47E-07,3.10E-06
821,20,-1.25E-06,2.35E-07,2.34E-06
821,25,-1.43E-06,4.70E-07,9.78E-07
821,30,-1.35E-06,7.05E-07,-3.88E-07
821,35,-1.27E-06,3.01E-07,-1.75E-06
821,40,-1.19E-06,-1.02E-07,-2.31E-06
821,45,-1.60E-06,-5.06E-07,-2.86E-06
821,50,-2.01E-06,1.92E-07,-3.41E-06
821,60,-2.42E-06,8.89E-07,-3.11E-06
821,70,-2.11E-06,1.59E-06,-2.81E-06
821,80,-1.79E-06,1.12E-06,-2.52E-06
821,90,-1.48E-06,6.50E-07,-2.46E-06
821,100,2.34E-06,1.81E-07,-2.41E-06
822,0,2.00E-06,-1.42E-06,2.43E-05
822,2.5,1.42E-06,-5.15E-07,1.61E-05
822,5,1.34E-06,-1.33E-06,9.59E-06
822,7.5,1.16E-06,-1.30E-06,6.20E-06
822,10,9.45E-07,-7.62E-07,4.75E-06
822,12.5,1.39E-06,-1.21E-06,3.60E-06
822,15,7.92E-07,-8.66E-07,2.80E-06
822,17.5,6.08E-07,-1.27E-06,1.87E-06
822,20,7.92E-07,-8.81E-07,1.51E-06
822,25,-8.61E-08,-8.67E-07,5.12E-07
822,30,-3.34E-07,-8.52E-07,-4.87E-07
822,35,-5.82E-07,-7.39E-07,-1.49E-06
822,40,-8.30E-07,-6.25E-07,-1.73E-06
822,45,-1.05E-06,-5.12E-07,-1.98E-06
822,50,-1.27E-06,-3.22E-07,-2.23E-06
822,60,-1.49E-06,-1.32E-07,-2.23E-06
822,70,-1.48E-06,5.79E-08,-2.23E-06
822,80,-1.48E-06,-9.12E-08,-2.23E-06
822,90,-1.47E-06,-2.40E-07,-2.29E-06
822,100,1.39E-06,-3.90E-07,-2.36E-06
824,0,3.00E-06,-2.97E-06,2.56E-05
824,2.5,2.23E-06,-2.47E-06,1.82E-05
824,5,2.13E-06,-2.16E-06,1.14E-05
824,7.5,2.22E-06,-1.98E-06,8.25E-06
824,10,1.95E-06,-1.83E-06,5.99E-06
824,12.5,2.20E-06,-1.43E-06,5.20E-06
824,15,2.15E-06,-1.46E-06,4.33E-06
824,17.5,1.42E-06,-4.82E-07,3.23E-06
824,20,1.72E-06,-3.43E-07,3.04E-06
824,25,8.10E-07,1.24E-08,2.26E-06
824,30,5.46E-07,3.67E-07,1.48E-06
824,35,2.82E-07,7.14E-07,6.99E-07
824,40,1.75E-08,1.06E-06,3.24E-07
824,45,5.88E-08,1.41E-06,-5.08E-08
824,50,1.00E-07,1.24E-06,-4.25E-07
824,60,1.41E-07,1.08E-06,-4.37E-07
824,70,-4.21E-07,9.15E-07,-4.49E-07
824,80,-9.83E-07,5.93E-07,-4.61E-07
824,90,-1.55E-06,2.71E-07,-5.63E-07
824,100,1.10E-06,-5.14E-08,-6.66E-07
825,0,3.46E-06,3.71E-07,2.34E-05
825,2.5,2.60E-06,6.65E-07,1.64E-05
825,5,2.21E-06,1.14E-06,9.88E-06
825,7.5,2.26E-06,2.83E-07,6.93E-06
825,10,1.75E-06,4.05E-07,5.21E-06
825,12.5,2.14E-06,8.96E-08,4.31E-06
825,15,1.46E-06,-4.13E-07,3.49E-06
825,17.5,1.18E-06,-1.43E-07,2.97E-06
825,20,1.75E-06,-1.10E-07,2.52E-06
825,25,1.35E-06,4.39E-07,1.60E-06
825,30,1.11E-06,9.88E-07,6.82E-07
825,35,8.66E-07,7.68E-07,-2.39E-07
825,40,6.25E-07,5.49E-07,-5.44E-07
825,45,1.53E-07,3.29E-07,-8.49E-07
825,50,-3.19E-07,5.59E-07,-1.15E-06
825,60,-7.90E-07,7.89E-07,-1.12E-06
825,70,-6.05E-07,1.02E-06,-1.09E-06
825,80,-4.20E-07,1.25E-06,-1.06E-06
825,90,-2.35E-07,1.48E-06,-1.19E-06
825,100,2.81E-06,1.71E-06,-1.33E-06
827,0,2.60E-07,1.01E-06,9.74E-06
827,2.5,1.18E-06,5.96E-08,4.48E-06
827,5,1.71E-06,-1.08E-06,-1.20E-06
827,7.5,1.88E-06,-1.64E-06,-3.79E-06
827,10,1.47E-06,-1.81E-06,-5.78E-06
827,12.5,1.73E-06,-1.75E-06,-6.37E-06
827,15,1.50E-06,-1.99E-06,-6.99E-06
827,17.5,1.08E-06,-1.61E-06,-7.20E-06
827,20,1.69E-06,-1.56E-06,-7.56E-06
827,25,3.05E-07,-1.53E-06,-8.04E-06
827,30,3.83E-07,-1.50E-06,-8.51E-06
827,35,4.62E-07,-1.10E-06,-8.99E-06
827,40,5.41E-07,-7.00E-07,-8.50E-06
827,45,4.02E-07,-3.00E-07,-8.02E-06
827,50,2.63E-07,-3.14E-07,-7.53E-06
827,60,1.24E-07,-3.28E-07,-6.69E-06
827,70,-8.98E-08,-3.43E-07,-5.84E-06
827,80,-3.03E-07,-6.54E-08,-5.00E-06
827,90,-5.17E-07,2.12E-07,-4.53E-06
827,100,8.09E-07,4.89E-07,-4.07E-06
828,0,1.24E-06,3.87E-06,1.01E-05
828,2.5,7.87E-07,2.31E-06,3.26E-06
828,5,7.05E-07,1.61E-06,-3.91E-06
828,7.5,1.25E-06,1.62E-06,-7.24E-06
828,10,1.50E-07,1.52E-06,-8.65E-06
828,12.5,2.19E-07,1.64E-06,-9.43E-06
828,15,4.65E-08,1.68E-06,-1.03E-05
828,17.5,-4.26E-07,6.91E-07,-1.07E-05
828,20,-3.58E-07,1.24E-06,-1.09E-05
828,25,-1.11E-06,9.62E-07,-1.08E-05
828,30,-7.59E-07,6.83E-07,-1.06E-05
828,35,-4.05E-07,1.13E-06,-1.05E-05
828,40,-5.08E-08,1.58E-06,-1.04E-05
828,45,-2.39E-07,2.03E-06,-1.03E-05
828,50,-4.26E-07,1.98E-06,-1.01E-05
828,60,-6.14E-07,1.94E-06,-8.73E-06
828,70,-5.31E-07,1.89E-06,-7.33E-06
828,80,-4.49E-07,1.55E-06,-5.93E-06
828,90,-3.66E-07,1.21E-06,-5.17E-06
828,100,8.74E-07,8.67E-07,-4.41E-06
830,0,-1.83E-06,2.84E-06,1.92E-05
830,2.5,-1.64E-06,2.11E-06,9.70E-06
830,5,-1.34E-06,1.82E-06,1.23E-06
830,7.5,-1.35E-06,1.43E-06,-2.34E-06
830,10,-1.31E-06,1.06E-06,-4.19E-06
830,12.5,-1.08E-06,1.54E-06,-5.55E-06
830,15,-1.92E-07,9.91E-07,-6.22E-06
830,17.5,-6.63E-07,1.47E-06,-6.56E-06
830,20,5.98E-08,2.26E-06,-6.61E-06
830,25,-1.24E-06,1.96E-06,-6.61E-06
830,30,-1.28E-06,1.65E-06,-6.61E-06
830,35,-1.33E-06,2.13E-06,-6.61E-06
830,40,-1.38E-06,2.61E-06,-6.87E-06
830,45,-1.65E-06,3.09E-06,-7.13E-06
830,50,-1.93E-06,2.95E-06,-7.40E-06
830,60,-2.21E-06,2.81E-06,-6.55E-06
830,70,-1.56E-06,2.67E-06,-5.71E-06
830,80,-9.14E-07,2.73E-06,-4.86E-06
830,90,-2.67E-07,2.79E-06,-4.04E-06
830,100,3.53E-06,2.86E-06,-3.22E-06
831,0,-7.75E-07,6.62E-06,1.97E-05
831,2.5,-7.00E-07,4.55E-06,1.12E-05
831,5,-5.93E-07,2.85E-06,3.47E-06
831,7.5,-8.78E-07,2.46E-06,6.31E-08
831,10,-4.31E-07,2.12E-06,-1.89E-06
831,12.5,-1.65E-07,1.50E-06,-3.33E-06
831,15,-9.82E-07,2.02E-06,-3.91E-06
831,17.5,-1.54E-06,1.94E-06,-4.55E-06
831,20,-9.13E-07,2.01E-06,-4.85E-06
831,25,-2.03E-06,1.87E-06,-5.31E-06
831,30,-2.41E-06,1.74E-06,-5.77E-06
831,35,-2.79E-06,1.50E-06,-6.23E-06
831,40,-3.17E-06,1.26E-06,-6.19E-06
831,45,-3.22E-06,1.02E-06,-6.15E-06
831,50,-3.27E-06,1.16E-06,-6.11E-06
831,60,-3.32E-06,1.31E-06,-5.76E-06
831,70,-2.87E-06,1.45E-06,-5.40E-06
831,80,-2.41E-06,9.09E-07,-5.05E-06
831,90,-1.95E-06,3.66E-07,-4.40E-06
831,100,1.39E-06,-1.78E-07,-3.75E-06
833,0,2.05E-06,4.06E-06,2.95E-05
833,2.5,1.57E-06,3.12E-06,2.17E-05
833,5,1.05E-06,1.22E-06,1.45E-05
833,7.5,5.51E-07,6.92E-07,1.08E-05
833,10,3.61E-07,7.12E-07,8.13E-06
833,12.5,7.29E-07,2.94E-07,6.99E-06
833,15,-8.00E-08,3.21E-07,5.52E-06
833,17.5,9.23E-08,1.63E-07,4.56E-06
833,20,2.85E-07,1.21E-06,3.76E-06
833,25,-3.88E-07,1.06E-06,3.13E-06
833,30,-3.70E-07,9.16E-07,2.50E-06
833,35,-3.51E-07,1.01E-06,1.87E-06
833,40,-3.33E-07,1.10E-06,1.17E-06
833,45,9.20E-09,1.20E-06,4.67E-07
833,50,3.52E-07,9.90E-07,-2.32E-07
833,60,6.94E-07,7.81E-07,-5.65E-07
833,70,5.36E-07,5.73E-07,-8.98E-07
833,80,3.78E-07,4.37E-08,-1.23E-06
833,90,2.20E-07,-4.86E-07,-8.88E-07
833,100,1.90E-06,-1.02E-06,-5.45E-07
834,0,2.75E-06,2.76E-06,3.07E-05
834,2.5,1.95E-06,1.70E-06,2.40E-05
834,5,1.69E-06,1.72E-06,1.79E-05
834,7.5,1.47E-06,2.72E-07,1.48E-05
834,10,1.59E-06,1.88E-07,1.29E-05
834,12.5,1.12E-06,8.54E-07,1.14E-05
834,15,1.17E-06,1.36E-07,9.73E-06
834,17.5,9.95E-07,-1.88E-07,8.24E-06
834,20,6.89E-07,2.55E-07,7.02E-06
834,25,1.40E-08,1.32E-07,6.03E-06
834,30,2.74E-07,8.23E-09,5.03E-06
834,35,5.34E-07,-2.99E-08,4.04E-06
834,40,7.94E-07,-6.80E-08,3.30E-06
834,45,5.37E-07,-1.06E-07,2.56E-06
834,50,2.80E-07,1.29E-07,1.82E-06
834,60,2.33E-08,3.65E-07,1.74E-06
834,70,-1.36E-07,6.00E-07,1.65E-06
834,80,-2.96E-07,6.11E-08,1.56E-06
834,90,-4.56E-07,-4.78E-07,2.33E-07
834,100,3.08E-06,-1.02E-06,-1.10E-06
836,0,-1.22E-06,5.18E-06,5.23E-05
836,2.5,-4.39E-07,2.34E-06,4.36E-05
836,5,4.30E-07,2.55E-07,3.51E-05
836,7.5,5.29E-07,-1.57E-07,3.05E-05
836,10,-3.69E-07,-9.69E-08,2.74E-05
836,12.5,-3.61E-07,-6.27E-07,2.56E-05
836,15,-7.35E-07,1.34E-07,2.39E-05
836,17.5,-1.34E-06,2.53E-07,2.26E-05
836,20,-7.41E-07,2.51E-07,2.16E-05
836,25,-2.89E-07,9.04E-07,1.95E-05
836,30,-8.94E-08,1.56E-06,1.75E-05
836,35,1.10E-07,1.72E-06,1.55E-05
836,40,3.09E-07,1.88E-06,1.39E-05
836,45,3.97E-07,2.04E-06,1.24E-05
836,50,4.84E-07,1.62E-06,1.09E-05
836,60,5.72E-07,1.21E-06,9.09E-06
836,70,4.43E-07,7.92E-07,7.30E-06
836,80,3.15E-07,9.57E-07,5.52E-06
836,90,1.86E-07,1.12E-06,4.18E-06
836,100,4.04E-06,1.29E-06,2.84E-06
837,0,-6.01E-07,8.67E-07,5.38E-05
837,2.5,-6.98E-07,-4.85E-07,4.36E-05
837,5,-6.81E-07,-1.73E-06,3.44E-05
837,7.5,-5.57E-07,-2.15E-07,2.96E-05
837,10,-1.44E-07,-1.08E-06,2.61E-05
837,12.5,-5.86E-07,-1.06E-06,2.39E-05
837,15,-2.40E-07,-1.00E-06,2.25E-05
837,17.5,-8.54E-07,-6.72E-07,2.07E-05
837,20,-9.30E-07,-9.86E-08,1.93E-05
837,25,-3.68E-07,4.92E-07,1.71E-05
837,30,-5.95E-07,1.08E-06,1.49E-05
837,35,-8.23E-07,1.01E-06,1.26E-05
837,40,-1.05E-06,9.43E-07,1.10E-05
837,45,-9.95E-07,8.74E-07,9.36E-06
837,50,-9.39E-07,5.83E-07,7.71E-06
837,60,-8.83E-07,2.93E-07,6.64E-06
837,70,-8.11E-07,1.50E-09,5.56E-06
837,80,-7.39E-07,-8.50E-08,4.49E-06
837,90,-6.67E-07,-1.72E-07,3.12E-06
837,100,3.84E-06,-2.59E-07,1.76E-06
839,0,-2.06E-06,6.34E-06,5.39E-05
839,2.5,-2.05E-06,2.52E-06,4.39E-05
839,5,-1.52E-06,1.44E-06,3.53E-05
839,7.5,-1.42E-06,9.95E-07,3.00E-05
839,10,-2.00E-06,1.01E-06,2.65E-05
839,12.5,-1.36E-06,1.53E-06,2.44E-05
839,15,-9.31E-07,5.89E-07,2.27E-05
839,17.5,-1.77E-06,1.52E-06,2.09E-05
839,20,-1.27E-06,2.06E-06,2.00E-05
839,25,-1.67E-06,2.03E-06,1.79E-05
839,30,-1.66E-06,1.99E-06,1.58E-05
839,35,-1.65E-06,2.15E-06,1.37E-05
839,40,-1.63E-06,2.31E-06,1.22E-05
839,45,-1.62E-06,2.46E-06,1.06E-05
839,50,-1.60E-06,2.83E-06,9.03E-06
839,60,-1.58E-06,3.20E-06,7.51E-06
839,70,-2.02E-06,3.58E-06,5.99E-06
839,80,-2.46E-06,3.13E-06,4.46E-06
839,90,-2.90E-06,2.68E-06,2.86E-06
839,100,3.99E-06,2.24E-06,1.26E-06
840,0,1.64E-06,-1.44E-06,5.72E-05
840,2.5,1.85E-07,-1.00E-06,4.65E-05
840,5,4.00E-09,-8.21E-07,3.57E-05
840,7.5,1.39E-07,-6.87E-07,2.89E-05
840,10,1.49E-07,-1.08E-06,2.49E-05
840,12.5,9.11E-07,-2.25E-08,2.26E-05
840,15,1.21E-06,-7.79E-07,2.03E-05
840,17.5,7.32E-07,-1.23E-07,1.95E-05
840,20,1.30E-06,-6.15E-07,1.82E-05
840,25,2.51E-07,-6.17E-07,1.62E-05
840,30,3.04E-07,-6.19E-07,1.42E-05
840,35,3.57E-07,-6.55E-07,1.22E-05
840,40,4.10E-07,-6.90E-07,1.11E-05
840,45,6.13E-07,-7.25E-07,1.00E-05
840,50,8.16E-07,-4.42E-07,8.93E-06
840,60,1.02E-06,-1.60E-07,7.34E-06
840,70,7.93E-07,1.22E-07,5.74E-06
840,80,5.68E-07,-5.32E-08,4.14E-06
840,90,3.43E-07,-2.29E-07,2.99E-06
840,100,2.80E-06,-4.05E-07,1.84E-06
842,0,9.84E-06,-2.61E-06,4.48E-05
842,2.5,6.61E-06,-1.68E-06,3.47E-05
842,5,5.22E-06,1.59E-07,2.47E-05
842,7.5,4.42E-06,-8.46E-07,1.99E-05
842,10,3.71E-06,-4.27E-07,1.64E-05
842,12.5,3.62E-06,-1.06E-07,1.48E-05
842,15,3.59E-06,-2.45E-07,1.36E-05
842,17.5,2.99E-06,-1.47E-07,1.22E-05
842,20,3.39E-06,2.85E-07,1.16E-05
842,25,2.53E-06,5.45E-07,1.05E-05
842,30,2.24E-06,8.05E-07,9.51E-06
842,35,1.96E-06,5.52E-07,8.47E-06
842,40,1.67E-06,2.99E-07,7.84E-06
842,45,1.02E-06,4.54E-08,7.20E-06
842,50,3.67E-07,-1.75E-07,6.57E-06
842,60,-2.86E-07,-3.95E-07,5.78E-06
842,70,-3.55E-07,-6.16E-07,5.00E-06
842,80,-4.24E-07,-6.32E-07,4.21E-06
842,90,-4.93E-07,-6.48E-07,3.11E-06
842,100,2.30E-06,-6.65E-07,2.01E-06
843,0,9.81E-07,-2.52E-06,5.01E-05
843,2.5,5.88E-08,-1.27E-06,4.11E-05
843,5,-7.97E-08,-9.58E-07,3.17E-05
843,7.5,-1.64E-07,-1.02E-06,2.66E-05
843,10,-7.39E-07,-8.74E-07,2.28E-05
843,12.5,-8.89E-07,-6.23E-07,2.07E-05
843,15,-8.78E-07,3.34E-07,1.90E-05
843,17.5,-1.30E-06,-5.17E-07,1.77E-05
843,20,-6.77E-07,-1.86E-07,1.77E-05
843,25,-5.56E-07,2.52E-07,1.56E-05
843,30,-5.25E-07,6.90E-07,1.36E-05
843,35,-4.94E-07,6.80E-07,1.16E-05
843,40,-4.62E-07,6.69E-07,1.06E-05
843,45,-6.02E-07,6.59E-07,9.50E-06
843,50,-7.42E-07,5.45E-07,8.44E-06
843,60,-8.82E-07,4.31E-07,7.13E-06
843,70,-8.41E-07,3.16E-07,5.81E-06
843,80,-8.01E-07,4.51E-07,4.49E-06
843,90,-7.61E-07,5.85E-07,2.64E-06
843,100,2.33E-06,7.19E-07,7.96E-07
845,0,2.72E-06,-4.01E-06,5.75E-05
845,2.5,2.31E-06,-2.77E-06,4.78E-05
845,5,2.28E-06,-2.25E-06,3.82E-05
845,7.5,1.95E-06,-1.33E-06,3.28E-05
845,10,1.63E-06,-2.81E-06,2.83E-05
845,12.5,1.69E-06,-2.60E-06,2.59E-05
845,15,1.43E-06,-1.86E-06,2.46E-05
845,17.5,7.06E-07,-1.72E-06,2.28E-05
845,20,1.29E-06,-1.34E-06,2.08E-05
845,25,1.31E-06,-1.07E-06,1.85E-05
845,30,7.82E-07,-8.09E-07,1.63E-05
845,35,2.52E-07,-8.01E-07,1.40E-05
845,40,-2.79E-07,-7.93E-07,1.26E-05
845,45,-4.02E-07,-7.85E-07,1.12E-05
845,50,-5.25E-07,-8.65E-07,9.87E-06
845,60,-6.48E-07,-9.46E-07,8.19E-06
845,70,-7.34E-07,-1.03E-06,6.51E-06
845,80,-8.20E-07,-6.61E-07,4.84E-06
845,90,-9.05E-07,-2.97E-07,3.96E-06
845,100,2.92E-06,6.80E-08,3.08E-06
846,0,4.91E-06,-2.24E-07,3.79E-05
846,2.5,4.13E-06,-9.18E-07,2.94E-05
846,5,3.99E-06,-8.50E-07,2.17E-05
846,7.5,3.43E-06,-6.19E-07,1.71E-05
846,10,3.61E-06,-2.84E-07,1.42E-05
846,12.5,3.80E-06,2.30E-07,1.30E-05
846,15,3.48E-06,-2.61E-07,1.14E-05
846,17.5,3.94E-06,-2.84E-07,1.04E-05
846,20,3.50E-06,-4.73E-07,1.00E-05
846,25,3.17E-06,2.65E-07,8.93E-06
846,30,2.71E-06,1.00E-06,7.86E-06
846,35,2.24E-06,8.92E-07,6.79E-06
846,40,1.77E-06,7.80E-07,6.06E-06
846,45,1.75E-06,6.69E-07,5.33E-06
846,50,1.72E-06,8.24E-07,4.60E-06
846,60,1.70E-06,9.78E-07,3.89E-06
846,70,1.32E-06,1.13E-06,3.17E-06
846,80,9.48E-07,9.80E-07,2.45E-06
846,90,5.73E-07,8.26E-07,1.38E-06
846,100,3.66E-06,6.72E-07,3.08E-07
848,0,1.10E-06,-9.38E-07,3.81E-05
848,2.5,6.10E-07,2.30E-07,2.90E-05
848,5,7.55E-07,8.23E-07,2.06E-05
848,7.5,5.20E-07,4.99E-07,1.57E-05
848,10,9.09E-07,9.28E-07,1.26E-05
848,12.5,1.11E-06,4.29E-08,1.13E-05
848,15,1.08E-06,-2.56E-07,9.78E-06
848,17.5,9.13E-07,-7.56E-07,8.90E-06
848,20,1.06E-06,8.46E-08,8.59E-06
848,25,8.24E-07,2.48E-07,7.82E-06
848,30,2.11E-07,4.12E-07,7.05E-06
848,35,-4.01E-07,4.00E-07,6.28E-06
848,40,-1.01E-06,3.87E-07,6.07E-06
848,45,-1.61E-06,3.75E-07,5.86E-06
848,50,-2.21E-06,4.07E-07,5.65E-06
848,60,-2.81E-06,4.39E-07,4.69E-06
848,70,-2.53E-06,4.71E-07,3.72E-06
848,80,-2.25E-06,4.73E-07,2.75E-06
848,90,-1.97E-06,4.74E-07,1.91E-06
848,100,2.56E-06,4.75E-07,1.06E-06
849,0,1.65E-06,-6.46E-07,4.35E-05
849,2.5,1.58E-06,-1.52E-06,3.39E-05
849,5,1.55E-06,-1.20E-06,2.46E-05
849,7.5,1.66E-06,-1.17E-06,1.97E-05
849,10,1.20E-06,-1.34E-06,1.63E-05
849,12.5,1.23E-06,-6.88E-07,1.47E-05
849,15,1.24E-06,-7.17E-07,1.26E-05
849,17.5,8.18E-07,-1.53E-07,1.21E-05
849,20,1.02E-06,-1.21E-07,1.10E-05
849,25,-1.26E-07,1.46E-07,9.90E-06
849,30,-5.57E-07,4.12E-07,8.75E-06
849,35,-9.87E-07,5.89E-07,7.60E-06
849,40,-1.42E-06,7.66E-07,6.89E-06
849,45,-1.61E-06,9.43E-07,6.17E-06
849,50,-1.80E-06,8.25E-07,5.46E-06
849,60,-1.99E-06,7.06E-07,4.79E-06
849,70,-2.46E-06,5.88E-07,4.12E-06
849,80,-2.94E-06,8.91E-08,3.45E-06
849,90,-3.41E-06,-4.10E-07,2.10E-06
849,100,3.44E-06,-9.08E-07,7.51E-07
851,0,-2.61E-06,3.16E-07,4.36E-05
851,2.5,-2.25E-06,8.10E-07,3.41E-05
851,5,-1.52E-06,9.40E-07,2.48E-05
851,7.5,-9.78E-07,6.81E-07,1.97E-05
851,10,-5.02E-07,1.47E-06,1.68E-05
851,12.5,-6.46E-07,6.28E-07,1.48E-05
851,15,-4.79E-07,8.72E-07,1.34E-05
851,17.5,-8.08E-07,8.66E-07,1.25E-05
851,20,-5.12E-07,1.07E-06,1.12E-05
851,25,-1.29E-06,1.13E-06,9.87E-06
851,30,-1.13E-06,1.20E-06,8.53E-06
851,35,-9.58E-07,1.20E-06,7.20E-06
851,40,-7.90E-07,1.20E-06,6.36E-06
851,45,-1.15E-06,1.20E-06,5.53E-06
851,50,-1.51E-06,1.54E-06,4.69E-06
851,60,-1.88E-06,1.89E-06,3.96E-06
851,70,-1.88E-06,2.23E-06,3.22E-06
851,80,-1.88E-06,2.11E-06,2.49E-06
851,90,-1.88E-06,1.98E-06,1.79E-06
851,100,4.18E-06,1.85E-06,1.09E-06
852,0,-1.07E-06,-4.67E-07,3.63E-05
852,2.5,-9.22E-07,1.77E-06,2.77E-05
852,5,-4.57E-07,7.89E-07,2.01E-05
852,7.5,-1.96E-07,8.17E-07,1.59E-05
852,10,-8.05E-08,6.85E-07,1.33E-05
852,12.5,9.81E-07,-2.85E-07,1.14E-05
852,15,-6.18E-07,-1.12E-07,1.01E-05
852,17.5,-2.85E-07,1.33E-07,9.12E-06
852,20,5.73E-07,1.20E-06,8.39E-06
852,25,-8.16E-07,6.94E-07,7.19E-06
852,30,-7.44E-07,1.87E-07,6.00E-06
852,35,-6.72E-07,4.89E-07,4.81E-06
852,40,-6.00E-07,7.90E-07,4.13E-06
852,45,-5.71E-07,1.09E-06,3.46E-06
852,50,-5.42E-07,1.09E-06,2.79E-06
852,60,-5.13E-07,1.09E-06,2.14E-06
852,70,-6.70E-07,1.08E-06,1.50E-06
852,80,-8.27E-07,9.88E-07,8.63E-07
852,90,-9.84E-07,8.93E-07,2.25E-07
852,100,2.10E-06,7.98E-07,-4.12E-07
854,0,-2.61E-06,9.23E-06,3.95E-05
854,2.5,-2.06E-06,5.51E-06,3.58E-05
854,5,-1.45E-06,4.05E-06,2.87E-05
854,7.5,-9.42E-07,2.14E-06,2.49E-05
854,10,-1.74E-06,1.98E-06,2.13E-05
854,12.5,-1.55E-06,1.62E-06,1.92E-05
854,15,-1.46E-06,1.85E-06,1.83E-05
854,17.5,-1.63E-06,2.09E-06,1.73E-05
854,20,-1.81E-06,2.05E-06,1.64E-05
854,25,-1.98E-06,2.02E-06,1.43E-05
854,30,-2.10E-06,1.99E-06,1.21E-05
854,35,-2.22E-06,1.82E-06,1.00E-05
854,40,-2.34E-06,1.65E-06,9.36E-06
854,45,-2.03E-06,1.48E-06,8.68E-06
854,50,-1.71E-06,1.67E-06,8.00E-06
854,60,-1.40E-06,1.86E-06,6.61E-06
854,70,-1.62E-06,2.04E-06,5.22E-06
854,80,-1.83E-06,1.90E-06,3.84E-06
854,90,-2.04E-06,1.76E-06,3.26E-06
854,100,8.63E-07,1.62E-06,2.69E-06
855,0,-7.89E-07,-5.76E-07,5.34E-05
855,2.5,-1.02E-06,-1.16E-07,4.47E-05
855,5,-7.67E-07,-9.60E-07,3.52E-05
855,7.5,-6.50E-07,-9.40E-07,2.97E-05
855,10,-7.45E-07,-9.93E-07,2.56E-05
855,12.5,-5.09E-07,-1.42E-06,2.30E-05
855,15,-9.25E-07,-2.43E-07,2.16E-05
855,17.5,-1.69E-06,-1.13E-06,1.98E-05
855,20,-1.17E-06,1.05E-08,1.85E-05
855,25,-1.48E-06,2.06E-07,1.66E-05
855,30,-1.18E-06,4.01E-07,1.47E-05
855,35,-8.79E-07,3.65E-07,1.28E-05
855,40,-5.76E-07,3.29E-07,1.16E-05
855,45,-1.24E-06,2.93E-07,1.04E-05
855,50,-1.91E-06,4.84E-07,9.28E-06
855,60,-2.58E-06,6.75E-07,8.20E-06
855,70,-2.64E-06,8.65E-07,7.12E-06
855,80,-2.71E-06,7.98E-07,6.04E-06
855,90,-2.77E-06,7.30E-07,3.89E-06
855,100,1.02E-06,6.62E-07,1.74E-06
857,0,1.44E-06,1.22E-06,5.11E-05
857,2.5,1.06E-06,1.87E-06,4.25E-05
857,5,1.26E-06,1.54E-06,3.36E-05
857,7.5,1.18E-06,1.92E-06,2.76E-05
857,10,1.23E-06,4.99E-07,2.36E-05
857,12.5,1.58E-06,-1.61E-07,2.13E-05
857,15,1.42E-06,-1.54E-07,1.95E-05
857,17.5,2.41E-07,1.13E-07,1.80E-05
857,20,3.31E-07,1.14E-06,1.73E-05
857,25,5.18E-08,1.35E-06,1.53E-05
857,30,-1.67E-07,1.57E-06,1.32E-05
857,35,-3.85E-07,1.25E-06,1.11E-05
857,40,-6.03E-07,9.40E-07,1.03E-05
857,45,-9.18E-07,6.27E-07,9.54E-06
857,50,-1.23E-06,8.87E-07,8.75E-06
857,60,-1.55E-06,1.15E-06,7.60E-06
857,70,-1.16E-06,1.41E-06,6.44E-06
857,80,-7.80E-07,1.32E-06,5.29E-06
857,90,-3.96E-07,1.23E-06,4.00E-06
857,100,1.87E-06,1.14E-06,2.70E-06
858,0,2.24E-06,2.82E-06,4.11E-05
858,2.5,1.91E-06,2.24E-06,3.37E-05
858,5,1.52E-06,1.66E-06,2.50E-05
858,7.5,1.18E-06,1.54E-06,2.02E-05
858,10,1.18E-06,1.04E-06,1.68E-05
858,12.5,1.26E-06,1.43E-06,1.47E-05
858,15,1.05E-06,1.63E-06,1.35E-05
858,17.5,7.85E-07,1.83E-06,1.22E-05
858,20,5.17E-07,1.55E-06,1.10E-05
858,25,2.50E-07,1.28E-06,9.68E-06
858,30,-2.60E-07,1.00E-06,8.35E-06
858,35,-7.70E-07,9.86E-07,7.01E-06
858,40,-1.28E-06,9.68E-07,6.39E-06
858,45,-1.65E-06,9.50E-07,5.76E-06
858,50,-2.02E-06,8.49E-07,5.13E-06
858,60,-2.38E-06,7.47E-07,4.26E-06
858,70,-2.12E-06,6.45E-07,3.39E-06
858,80,-1.85E-06,5.26E-07,2.52E-06
858,90,-1.58E-06,4.06E-07,2.20E-06
858,100,1.95E-06,2.86E-07,1.88E-06
860,0,1.90E-05,2.51E-06,3.93E-05
860,2.5,1.82E-05,2.46E-06,3.04E-05
860,5,1.73E-05,2.31E-06,2.01E-05
860,7.5,1.65E-05,1.88E-06,1.35E-05
860,10,1.58E-05,2.34E-06,9.15E-06
860,12.5,1.58E-05,2.13E-06,5.01E-06
860,15,1.40E-05,1.85E-06,4.09E-06
860,17.5,1.23E-05,1.58E-06,3.16E-06
860,20,1.06E-05,1.22E-06,2.23E-06
860,25,8.92E-06,8.63E-07,2.49E-06
860,30,8.10E-06,5.05E-07,2.74E-06
860,35,7.29E-06,2.79E-07,3.00E-06
860,40,6.47E-06,5.31E-08,2.44E-06
860,45,5.12E-06,-1.73E-07,1.87E-06
860,50,3.78E-06,-7.95E-08,1.31E-06
860,60,2.43E-06,1.37E-08,1.11E-06
860,70,1.74E-06,1.07E-07,9.07E-07
860,80,1.05E-06,5.81E-08,7.06E-07
860,90,3.58E-07,9.22E-09,5.71E-07
860,100,2.33E-06,-3.98E-08,4.37E-07
861,0,1.25E-06,-1.44E-06,4.39E-05
861,2.5,8.47E-07,1.31E-06,3.30E-05
861,5,1.02E-06,-2.21E-07,2.22E-05
861,7.5,6.32E-07,5.01E-07,1.60E-05
861,10,6.66E-07,5.49E-07,1.27E-05
861,12.5,9.08E-07,-2.59E-07,9.86E-06
861,15,1.08E-06,3.13E-07,8.37E-06
861,17.5,1.12E-06,3.26E-07,8.01E-06
861,20,9.71E-07,1.09E-06,7.63E-06
861,25,2.36E-06,8.10E-07,6.29E-06
861,30,1.47E-06,5.31E-07,4.95E-06
861,35,5.72E-07,1.27E-06,3.62E-06
861,40,-3.21E-07,2.01E-06,2.95E-06
861,45,-1.41E-07,2.75E-06,2.29E-06
861,50,3.85E-08,1.89E-06,1.63E-06
861,60,2.18E-07,1.02E-06,1.68E-06
861,70,-4.94E-07,1.57E-07,1.73E-06
861,80,-1.21E-06,2.98E-07,1.78E-06
861,90,-1.92E-06,4.40E-07,7.64E-07
861,100,3.09E-06,5.81E-07,-2.51E-07
